ticker,company_name,industry,industry_zh,broad_industry,broad_industry_zh,year,is_financial_sector,revenue,cogs,gross_profit,operating_income,net_income,interest_expense,total_assets,total_liabilities,total_equity,current_assets,current_liabilities,cash_and_equivalents,accounts_receivable,inventory,retained_earnings,market_value_equity,operating_cash_flow,credit_exposure,credit_limit,internal_rating,utilisation_rate,revenue_yoy,profit_yoy,debt_yoy,cash_yoy,profit_margin,rolling_3y_revenue_growth,rolling_std_profit,zscore_revenue,zscore_profit,current_ratio,risk_score,altman_z_prime,debt_ratio,risk_band,interest_coverage,roe,roa,is_revenue_drop,is_profit_negative,is_debt_spike,is_cash_low,is_ratio_abnormal,flag_count,anomaly_score,combined_score,final_risk_level,recommended_action,summary_text,quick_ratio,gross_margin,operating_margin,ar_days,inventory_days,roe_3y_chg,signal,value,z_score,is_anomaly,direction,signal_zh,suggested_action,review_priority,action_reason,report_path,report_url
2308,台達電,electronics_components,電子零組件,manufacturing,製造業,2020,False,282.0,204.84,77.16,27.29,23.7,0.78,339.35,166.93,172.42,157.4,89.63,45.82,72.46,37.28,114.15,299.45,29.64,33.6,47.6,2.6,0.706,,,,,0.0840425531914893,,,-0.5965453074958108,-0.587365591408728,1.7561084458328686,29.5,1.9411127250198552,0.4919110063356416,關注,34.98717948717948,0.1374550516181417,0.069839398850744,False,False,False,False,False,0,0.0,17.7,low,approve,台達電 綜合風險評級 LOW（評分 18），觸發 0 項異常規則，建議行動：approve。,1.3401762802633048,0.2736170212765957,0.09677304964539,93.7868794326241,66.42843194688538,,,,,,,,Maintain Credit Line / Annual Review,低 (Low),"財務指標穩健,維持現行授信額度,按年度例行覆審。 主要驅動因子:Altman Z' = 1.94(灰色地帶)。",reports/2308_2020_credit_review.md,https://github.com/JoeyTaipei/Credit_review_analytics/blob/main/reports/2308_2020_credit_review.md
2308,台達電,electronics_components,電子零組件,manufacturing,製造業,2021,False,316.1,226.38,89.72,30.14,26.58,0.861,351.98,139.66,212.32,135.08,79.39,29.79,68.12,40.94,152.55,432.96,46.5,32.2,48.5,2.3,0.664,0.1209219858156029,0.1215189873417721,-0.1633618882166178,-0.3498472282845919,0.0840873141410945,,,-0.6281017903554243,-0.574975414580964,1.7014737372465047,17.3,2.281366399206235,0.3967839081766009,低風險,35.005807200929155,0.1381712325206633,0.0768952598614265,False,False,False,False,False,0,0.015,11.0,low,approve,台達電 綜合風險評級 LOW（評分 11），觸發 0 項異常規則，建議行動：approve。,1.1857916614183148,0.2838342296741537,0.095349572919962,78.65801961404618,66.00892304973938,,ocf_change,0.568825910931174,9.520870442309269,True,上偏,營運現金流變動,Maintain Credit Line / Annual Review,低 (Low),"財務指標穩健,維持現行授信額度,按年度例行覆審。 主要驅動因子:Altman Z' = 2.28(灰色地帶)。",reports/2308_2021_credit_review.md,https://github.com/JoeyTaipei/Credit_review_analytics/blob/main/reports/2308_2021_credit_review.md
2308,台達電,electronics_components,電子零組件,manufacturing,製造業,2021,False,316.1,226.38,89.72,30.14,26.58,0.861,351.98,139.66,212.32,135.08,79.39,29.79,68.12,40.94,152.55,432.96,46.5,32.2,48.5,2.3,0.664,0.1209219858156029,0.1215189873417721,-0.1633618882166178,-0.3498472282845919,0.0840873141410945,,,-0.6281017903554243,-0.574975414580964,1.7014737372465047,17.3,2.281366399206235,0.3967839081766009,低風險,35.005807200929155,0.1381712325206633,0.0768952598614265,False,False,False,False,False,0,0.015,11.0,low,approve,台達電 綜合風險評級 LOW（評分 11），觸發 0 項異常規則，建議行動：approve。,1.1857916614183148,0.2838342296741537,0.095349572919962,78.65801961404618,66.00892304973938,,revenue_yoy,0.1209219858156029,1.7054647490566273,False,上偏,營收年增率,Maintain Credit Line / Annual Review,低 (Low),"財務指標穩健,維持現行授信額度,按年度例行覆審。 主要驅動因子:Altman Z' = 2.28(灰色地帶)。",reports/2308_2021_credit_review.md,https://github.com/JoeyTaipei/Credit_review_analytics/blob/main/reports/2308_2021_credit_review.md
2308,台達電,electronics_components,電子零組件,manufacturing,製造業,2021,False,316.1,226.38,89.72,30.14,26.58,0.861,351.98,139.66,212.32,135.08,79.39,29.79,68.12,40.94,152.55,432.96,46.5,32.2,48.5,2.3,0.664,0.1209219858156029,0.1215189873417721,-0.1633618882166178,-0.3498472282845919,0.0840873141410945,,,-0.6281017903554243,-0.574975414580964,1.7014737372465047,17.3,2.281366399206235,0.3967839081766009,低風險,35.005807200929155,0.1381712325206633,0.0768952598614265,False,False,False,False,False,0,0.015,11.0,low,approve,台達電 綜合風險評級 LOW（評分 11），觸發 0 項異常規則，建議行動：approve。,1.1857916614183148,0.2838342296741537,0.095349572919962,78.65801961404618,66.00892304973938,,liabilities_yoy,-0.1633618882166178,-1.4659728039978686,False,下偏,負債年增率,Maintain Credit Line / Annual Review,低 (Low),"財務指標穩健,維持現行授信額度,按年度例行覆審。 主要驅動因子:Altman Z' = 2.28(灰色地帶)。",reports/2308_2021_credit_review.md,https://github.com/JoeyTaipei/Credit_review_analytics/blob/main/reports/2308_2021_credit_review.md
2308,台達電,electronics_components,電子零組件,manufacturing,製造業,2022,False,328.08,235.09,92.99,29.64,27.97,0.847,379.81,195.08,184.73,179.36,109.57,62.87,70.48,45.69,129.8,351.68,44.19,36.8,50.2,2.5,0.733,0.0378993989243909,0.0522949586155003,0.3968208506372621,1.1104397448808323,0.0852535966837356,0.0786121894912688,2.177896538711912,-0.6543031927048246,-0.5665266506771377,1.6369444190928175,24.9,1.9234674725964689,0.5136252336694663,低風險,34.994096812278634,0.1408890567938547,0.0764426953087634,False,False,True,False,False,1,0.065,17.5,low,approve,台達電 綜合風險評級 LOW（評分 18），觸發 1 項異常規則，建議行動：approve。,1.2199507164369812,0.2834369665935137,0.0903438185808339,78.41136308217509,70.9381513462929,0.0034340051757129,liabilities_yoy,0.3968208506372621,3.1973641493447538,True,上偏,負債年增率,Maintain Credit Line / Annual Review,低 (Low),"財務指標穩健,維持現行授信額度,按年度例行覆審。 主要驅動因子:Altman Z' = 1.92(灰色地帶)。",reports/2308_2022_credit_review.md,https://github.com/JoeyTaipei/Credit_review_analytics/blob/main/reports/2308_2022_credit_review.md
2308,台達電,electronics_components,電子零組件,manufacturing,製造業,2022,False,328.08,235.09,92.99,29.64,27.97,0.847,379.81,195.08,184.73,179.36,109.57,62.87,70.48,45.69,129.8,351.68,44.19,36.8,50.2,2.5,0.733,0.0378993989243909,0.0522949586155003,0.3968208506372621,1.1104397448808323,0.0852535966837356,0.0786121894912688,2.177896538711912,-0.6543031927048246,-0.5665266506771377,1.6369444190928175,24.9,1.9234674725964689,0.5136252336694663,低風險,34.994096812278634,0.1408890567938547,0.0764426953087634,False,False,True,False,False,1,0.065,17.5,low,approve,台達電 綜合風險評級 LOW（評分 18），觸發 1 項異常規則，建議行動：approve。,1.2199507164369812,0.2834369665935137,0.0903438185808339,78.41136308217509,70.9381513462929,0.0034340051757129,ocf_change,-0.0496774193548387,-1.1170856401593374,False,下偏,營運現金流變動,Maintain Credit Line / Annual Review,低 (Low),"財務指標穩健,維持現行授信額度,按年度例行覆審。 主要驅動因子:Altman Z' = 1.92(灰色地帶)。",reports/2308_2022_credit_review.md,https://github.com/JoeyTaipei/Credit_review_analytics/blob/main/reports/2308_2022_credit_review.md
2308,台達電,electronics_components,電子零組件,manufacturing,製造業,2022,False,328.08,235.09,92.99,29.64,27.97,0.847,379.81,195.08,184.73,179.36,109.57,62.87,70.48,45.69,129.8,351.68,44.19,36.8,50.2,2.5,0.733,0.0378993989243909,0.0522949586155003,0.3968208506372621,1.1104397448808323,0.0852535966837356,0.0786121894912688,2.177896538711912,-0.6543031927048246,-0.5665266506771377,1.6369444190928175,24.9,1.9234674725964689,0.5136252336694663,低風險,34.994096812278634,0.1408890567938547,0.0764426953087634,False,False,True,False,False,1,0.065,17.5,low,approve,台達電 綜合風險評級 LOW（評分 18），觸發 1 項異常規則，建議行動：approve。,1.2199507164369812,0.2834369665935137,0.0903438185808339,78.41136308217509,70.9381513462929,0.0034340051757129,revenue_yoy,0.0378993989243909,-0.1966039368910627,False,下偏,營收年增率,Maintain Credit Line / Annual Review,低 (Low),"財務指標穩健,維持現行授信額度,按年度例行覆審。 主要驅動因子:Altman Z' = 1.92(灰色地帶)。",reports/2308_2022_credit_review.md,https://github.com/JoeyTaipei/Credit_review_analytics/blob/main/reports/2308_2022_credit_review.md
2308,台達電,electronics_components,電子零組件,manufacturing,製造業,2023,False,311.68,220.62,91.06,31.69,26.13,0.906,369.37,172.49,196.89,147.08,89.62,50.45,64.01,42.3,135.86,418.27,48.24,34.9,51.8,2.2,0.673,-0.0499878078517433,-0.0657847693957811,-0.1157986467090425,-0.1975505010338794,0.0838359856262833,-0.0070160710255585,0.959183680706322,-0.7167594989747988,-0.5460789332520011,1.6411515286766347,21.4,2.0111816663252458,0.4669843246609091,低風險,34.977924944812365,0.1369425082542843,0.0697562668517579,False,False,False,False,False,0,0.0,12.8,low,approve,台達電 綜合風險評級 LOW（評分 13），觸發 0 項異常規則，建議行動：approve。,1.1691586699397456,0.2921586242299794,0.1016747946611909,74.96037602669405,69.98232254555343,-0.0012287242663789,revenue_yoy,-0.0499878078517433,-3.86767860765168,True,下偏,營收年增率,Maintain Credit Line / Annual Review,低 (Low),"財務指標穩健,維持現行授信額度,按年度例行覆審。 主要驅動因子:Altman Z' = 2.01(灰色地帶)。",reports/2308_2023_credit_review.md,https://github.com/JoeyTaipei/Credit_review_analytics/blob/main/reports/2308_2023_credit_review.md
2308,台達電,electronics_components,電子零組件,manufacturing,製造業,2023,False,311.68,220.62,91.06,31.69,26.13,0.906,369.37,172.49,196.89,147.08,89.62,50.45,64.01,42.3,135.86,418.27,48.24,34.9,51.8,2.2,0.673,-0.0499878078517433,-0.0657847693957811,-0.1157986467090425,-0.1975505010338794,0.0838359856262833,-0.0070160710255585,0.959183680706322,-0.7167594989747988,-0.5460789332520011,1.6411515286766347,21.4,2.0111816663252458,0.4669843246609091,低風險,34.977924944812365,0.1369425082542843,0.0697562668517579,False,False,False,False,False,0,0.0,12.8,low,approve,台達電 綜合風險評級 LOW（評分 13），觸發 0 項異常規則，建議行動：approve。,1.1691586699397456,0.2921586242299794,0.1016747946611909,74.96037602669405,69.98232254555343,-0.0012287242663789,liabilities_yoy,-0.1157986467090425,-1.0620562937030356,False,下偏,負債年增率,Maintain Credit Line / Annual Review,低 (Low),"財務指標穩健,維持現行授信額度,按年度例行覆審。 主要驅動因子:Altman Z' = 2.01(灰色地帶)。",reports/2308_2023_credit_review.md,https://github.com/JoeyTaipei/Credit_review_analytics/blob/main/reports/2308_2023_credit_review.md
2308,台達電,electronics_components,電子零組件,manufacturing,製造業,2023,False,311.68,220.62,91.06,31.69,26.13,0.906,369.37,172.49,196.89,147.08,89.62,50.45,64.01,42.3,135.86,418.27,48.24,34.9,51.8,2.2,0.673,-0.0499878078517433,-0.0657847693957811,-0.1157986467090425,-0.1975505010338794,0.0838359856262833,-0.0070160710255585,0.959183680706322,-0.7167594989747988,-0.5460789332520011,1.6411515286766347,21.4,2.0111816663252458,0.4669843246609091,低風險,34.977924944812365,0.1369425082542843,0.0697562668517579,False,False,False,False,False,0,0.0,12.8,low,approve,台達電 綜合風險評級 LOW（評分 13），觸發 0 項異常規則，建議行動：approve。,1.1691586699397456,0.2921586242299794,0.1016747946611909,74.96037602669405,69.98232254555343,-0.0012287242663789,ocf_change,0.0916496945010183,-0.308801950645774,False,下偏,營運現金流變動,Maintain Credit Line / Annual Review,低 (Low),"財務指標穩健,維持現行授信額度,按年度例行覆審。 主要驅動因子:Altman Z' = 2.01(灰色地帶)。",reports/2308_2023_credit_review.md,https://github.com/JoeyTaipei/Credit_review_analytics/blob/main/reports/2308_2023_credit_review.md
2308,台達電,electronics_components,電子零組件,manufacturing,製造業,2024,False,338.57,240.31,98.26,32.75,28.17,0.936,410.43,198.27,212.16,182.74,114.65,52.61,78.16,43.71,150.65,473.09,48.88,33.8,53.1,2.7,0.638,0.0862743839835729,0.0780711825487945,0.1494579395907009,0.0428146679881069,0.0832028827125852,0.0158611661062406,1.1245147101453723,-0.7370926843319247,-0.5453557810483376,1.5938944614042738,23.3,1.950454602736152,0.4830787223156202,低風險,34.98931623931624,0.1377337733773377,0.0722492946909464,False,False,False,False,False,0,0.0,14.0,low,approve,台達電 綜合風險評級 LOW（評分 14），觸發 0 項異常規則，建議行動：approve。,1.2126471870911468,0.2902206338423369,0.0967303659509111,84.26145257996869,66.38987141608756,-0.0031552834165169,ocf_change,0.0132669983416251,-0.7192650560921294,False,下偏,營運現金流變動,Maintain Credit Line / Annual Review,低 (Low),"財務指標穩健,維持現行授信額度,按年度例行覆審。 主要驅動因子:Altman Z' = 1.95(灰色地帶)。",reports/2308_2024_credit_review.md,https://github.com/JoeyTaipei/Credit_review_analytics/blob/main/reports/2308_2024_credit_review.md
2308,台達電,electronics_components,電子零組件,manufacturing,製造業,2024,False,338.57,240.31,98.26,32.75,28.17,0.936,410.43,198.27,212.16,182.74,114.65,52.61,78.16,43.71,150.65,473.09,48.88,33.8,53.1,2.7,0.638,0.0862743839835729,0.0780711825487945,0.1494579395907009,0.0428146679881069,0.0832028827125852,0.0158611661062406,1.1245147101453723,-0.7370926843319247,-0.5453557810483376,1.5938944614042738,23.3,1.950454602736152,0.4830787223156202,低風險,34.98931623931624,0.1377337733773377,0.0722492946909464,False,False,False,False,False,0,0.0,14.0,low,approve,台達電 綜合風險評級 LOW（評分 14），觸發 0 項異常規則，建議行動：approve。,1.2126471870911468,0.2902206338423369,0.0967303659509111,84.26145257996869,66.38987141608756,-0.0031552834165169,revenue_yoy,0.0862743839835729,0.7164565588873357,False,上偏,營收年增率,Maintain Credit Line / Annual Review,低 (Low),"財務指標穩健,維持現行授信額度,按年度例行覆審。 主要驅動因子:Altman Z' = 1.95(灰色地帶)。",reports/2308_2024_credit_review.md,https://github.com/JoeyTaipei/Credit_review_analytics/blob/main/reports/2308_2024_credit_review.md
2308,台達電,electronics_components,電子零組件,manufacturing,製造業,2024,False,338.57,240.31,98.26,32.75,28.17,0.936,410.43,198.27,212.16,182.74,114.65,52.61,78.16,43.71,150.65,473.09,48.88,33.8,53.1,2.7,0.638,0.0862743839835729,0.0780711825487945,0.1494579395907009,0.0428146679881069,0.0832028827125852,0.0158611661062406,1.1245147101453723,-0.7370926843319247,-0.5453557810483376,1.5938944614042738,23.3,1.950454602736152,0.4830787223156202,低風險,34.98931623931624,0.1377337733773377,0.0722492946909464,False,False,False,False,False,0,0.0,14.0,low,approve,台達電 綜合風險評級 LOW（評分 14），觸發 0 項異常規則，建議行動：approve。,1.2126471870911468,0.2902206338423369,0.0967303659509111,84.26145257996869,66.38987141608756,-0.0031552834165169,liabilities_yoy,0.1494579395907009,0.4346808597380492,False,上偏,負債年增率,Maintain Credit Line / Annual Review,低 (Low),"財務指標穩健,維持現行授信額度,按年度例行覆審。 主要驅動因子:Altman Z' = 1.95(灰色地帶)。",reports/2308_2024_credit_review.md,https://github.com/JoeyTaipei/Credit_review_analytics/blob/main/reports/2308_2024_credit_review.md
2317,鴻海,electronics_manufacturing,電子代工,manufacturing,製造業,2020,False,5358.0,5030.06,327.94,141.19,116.04,11.766,3769.85,2462.05,1307.81,1674.78,1288.77,458.97,885.73,671.16,918.23,2350.72,273.15,125.4,141.1,3.6,0.889,,,,,0.0216573348264277,,,1.4602140613944834,-0.1896801206871768,1.2995181452082218,37.8,2.037619537678286,0.6530896454766105,關注,11.999830018697944,0.0887284850245831,0.0307810655596376,False,False,False,False,False,0,0.0,22.7,medium,monitor,鴻海 綜合風險評級 MEDIUM（評分 23），觸發 0 項異常規則，建議行動：monitor。,0.7787425219395238,0.0612056737588652,0.026351250466592,60.33808324001493,48.70188427175818,,,,,,,,Enhanced Monitoring / Request Updated Financials,中 (Medium),"部分財務指標出現惡化跡象,建議加強追蹤並要求最新財報。 主要驅動因子:Altman Z' = 2.04(灰色地帶)。",reports/2317_2020_credit_review.md,https://github.com/JoeyTaipei/Credit_review_analytics/blob/main/reports/2317_2020_credit_review.md
2317,鴻海,electronics_manufacturing,電子代工,manufacturing,製造業,2021,False,5701.59,5337.85,363.74,164.09,128.98,13.674,4019.77,2609.36,1410.41,1950.27,1308.21,239.13,1054.19,702.55,957.04,2720.86,301.26,115.9,150.1,3.7,0.772,0.0641265397536394,0.1115132712857633,0.0598322536097966,-0.4789855546114125,0.0226217598950468,,,1.4351887656683546,-0.2390317739722072,1.490792762629853,36.7,2.0855783499718994,0.6491316667371516,關注,12.00014626298084,0.0949003391925598,0.0331158644452489,False,False,False,False,False,0,0.041,23.7,medium,monitor,鴻海 綜合風險評級 MEDIUM（評分 24），觸發 0 項異常規則，建議行動：monitor。,0.9537612462830892,0.0637962392946528,0.0287796912790993,67.4863239903255,48.04008168082654,,liabilities_yoy,0.0598322536097966,1.7078243788947292,False,上偏,負債年增率,Enhanced Monitoring / Request Updated Financials,中 (Medium),"部分財務指標出現惡化跡象,建議加強追蹤並要求最新財報。 主要驅動因子:Altman Z' = 2.09(灰色地帶)。",reports/2317_2021_credit_review.md,https://github.com/JoeyTaipei/Credit_review_analytics/blob/main/reports/2317_2021_credit_review.md
2317,鴻海,electronics_manufacturing,電子代工,manufacturing,製造業,2021,False,5701.59,5337.85,363.74,164.09,128.98,13.674,4019.77,2609.36,1410.41,1950.27,1308.21,239.13,1054.19,702.55,957.04,2720.86,301.26,115.9,150.1,3.7,0.772,0.0641265397536394,0.1115132712857633,0.0598322536097966,-0.4789855546114125,0.0226217598950468,,,1.4351887656683546,-0.2390317739722072,1.490792762629853,36.7,2.0855783499718994,0.6491316667371516,關注,12.00014626298084,0.0949003391925598,0.0331158644452489,False,False,False,False,False,0,0.041,23.7,medium,monitor,鴻海 綜合風險評級 MEDIUM（評分 24），觸發 0 項異常規則，建議行動：monitor。,0.9537612462830892,0.0637962392946528,0.0287796912790993,67.4863239903255,48.04008168082654,,ocf_change,0.1029104887424492,1.098180090267793,False,上偏,營運現金流變動,Enhanced Monitoring / Request Updated Financials,中 (Medium),"部分財務指標出現惡化跡象,建議加強追蹤並要求最新財報。 主要驅動因子:Altman Z' = 2.09(灰色地帶)。",reports/2317_2021_credit_review.md,https://github.com/JoeyTaipei/Credit_review_analytics/blob/main/reports/2317_2021_credit_review.md
2317,鴻海,electronics_manufacturing,電子代工,manufacturing,製造業,2021,False,5701.59,5337.85,363.74,164.09,128.98,13.674,4019.77,2609.36,1410.41,1950.27,1308.21,239.13,1054.19,702.55,957.04,2720.86,301.26,115.9,150.1,3.7,0.772,0.0641265397536394,0.1115132712857633,0.0598322536097966,-0.4789855546114125,0.0226217598950468,,,1.4351887656683546,-0.2390317739722072,1.490792762629853,36.7,2.0855783499718994,0.6491316667371516,關注,12.00014626298084,0.0949003391925598,0.0331158644452489,False,False,False,False,False,0,0.041,23.7,medium,monitor,鴻海 綜合風險評級 MEDIUM（評分 24），觸發 0 項異常規則，建議行動：monitor。,0.9537612462830892,0.0637962392946528,0.0287796912790993,67.4863239903255,48.04008168082654,,revenue_yoy,0.0641265397536394,0.7869906212522378,False,上偏,營收年增率,Enhanced Monitoring / Request Updated Financials,中 (Medium),"部分財務指標出現惡化跡象,建議加強追蹤並要求最新財報。 主要驅動因子:Altman Z' = 2.09(灰色地帶)。",reports/2317_2021_credit_review.md,https://github.com/JoeyTaipei/Credit_review_analytics/blob/main/reports/2317_2021_credit_review.md
2317,鴻海,electronics_manufacturing,電子代工,manufacturing,製造業,2022,False,6056.71,5683.03,373.68,177.22,138.97,14.768,4172.59,2643.24,1529.35,2071.08,1403.94,490.9,990.45,794.18,1059.92,2957.85,267.84,118.7,142.8,3.0,0.831,0.0622843803219803,0.0774538688168708,0.0129840267345247,1.0528582779241416,0.0229448000647216,0.0632050610613026,11.496583550487223,1.412243410976239,-0.2762080605007231,1.4751912474892088,27.6,2.153406200138184,0.633477049027103,關注,12.000270855904658,0.0945451329360219,0.0339267317354217,False,False,False,False,False,0,0.0,16.6,low,approve,鴻海 綜合風險評級 LOW（評分 17），觸發 0 項異常規則，建議行動：approve。,0.9095118024986824,0.0616968618276258,0.0292601098616245,59.688221823399175,51.00724437491972,0.0058166479114388,ocf_change,-0.1109340768771162,-3.054390939172902,True,下偏,營運現金流變動,Maintain Credit Line / Annual Review,低 (Low),"財務指標穩健,維持現行授信額度,按年度例行覆審。 主要驅動因子:Altman Z' = 2.15(灰色地帶)。",reports/2317_2022_credit_review.md,https://github.com/JoeyTaipei/Credit_review_analytics/blob/main/reports/2317_2022_credit_review.md
2317,鴻海,electronics_manufacturing,電子代工,manufacturing,製造業,2022,False,6056.71,5683.03,373.68,177.22,138.97,14.768,4172.59,2643.24,1529.35,2071.08,1403.94,490.9,990.45,794.18,1059.92,2957.85,267.84,118.7,142.8,3.0,0.831,0.0622843803219803,0.0774538688168708,0.0129840267345247,1.0528582779241416,0.0229448000647216,0.0632050610613026,11.496583550487223,1.412243410976239,-0.2762080605007231,1.4751912474892088,27.6,2.153406200138184,0.633477049027103,關注,12.000270855904658,0.0945451329360219,0.0339267317354217,False,False,False,False,False,0,0.0,16.6,low,approve,鴻海 綜合風險評級 LOW（評分 17），觸發 0 項異常規則，建議行動：approve。,0.9095118024986824,0.0616968618276258,0.0292601098616245,59.688221823399175,51.00724437491972,0.0058166479114388,revenue_yoy,0.0622843803219803,0.7410012404012938,False,上偏,營收年增率,Maintain Credit Line / Annual Review,低 (Low),"財務指標穩健,維持現行授信額度,按年度例行覆審。 主要驅動因子:Altman Z' = 2.15(灰色地帶)。",reports/2317_2022_credit_review.md,https://github.com/JoeyTaipei/Credit_review_analytics/blob/main/reports/2317_2022_credit_review.md
2317,鴻海,electronics_manufacturing,電子代工,manufacturing,製造業,2022,False,6056.71,5683.03,373.68,177.22,138.97,14.768,4172.59,2643.24,1529.35,2071.08,1403.94,490.9,990.45,794.18,1059.92,2957.85,267.84,118.7,142.8,3.0,0.831,0.0622843803219803,0.0774538688168708,0.0129840267345247,1.0528582779241416,0.0229448000647216,0.0632050610613026,11.496583550487223,1.412243410976239,-0.2762080605007231,1.4751912474892088,27.6,2.153406200138184,0.633477049027103,關注,12.000270855904658,0.0945451329360219,0.0339267317354217,False,False,False,False,False,0,0.0,16.6,low,approve,鴻海 綜合風險評級 LOW（評分 17），觸發 0 項異常規則，建議行動：approve。,0.9095118024986824,0.0616968618276258,0.0292601098616245,59.688221823399175,51.00724437491972,0.0058166479114388,liabilities_yoy,0.0129840267345247,0.6130502704808709,False,上偏,負債年增率,Maintain Credit Line / Annual Review,低 (Low),"財務指標穩健,維持現行授信額度,按年度例行覆審。 主要驅動因子:Altman Z' = 2.15(灰色地帶)。",reports/2317_2022_credit_review.md,https://github.com/JoeyTaipei/Credit_review_analytics/blob/main/reports/2317_2022_credit_review.md
2317,鴻海,electronics_manufacturing,電子代工,manufacturing,製造業,2023,False,5632.74,5304.1,328.65,150.89,129.08,12.574,4137.82,2563.76,1574.06,1913.28,1357.66,288.07,1069.55,786.82,1085.76,3299.68,300.09,121.3,152.7,3.3,0.794,-0.0700000495318415,-0.0711664387997408,-0.0300691575490683,-0.4131798737013648,0.0229160231077592,-0.0060561278006991,5.739079484841939,1.3278871566204038,-0.3503973621339318,1.409248265397817,29.6,2.0482546233533494,0.6195919590509013,關注,12.000159058374422,0.0831859148485053,0.0310646526464999,False,False,False,False,False,0,0.03,19.0,low,approve,鴻海 綜合風險評級 LOW（評分 19），觸發 0 項異常規則，建議行動：approve。,0.8297069958605247,0.0583463820449727,0.0267880285615881,69.30654530477175,54.14477479685526,-0.0117144243440544,revenue_yoy,-0.0700000495318415,-38.403809767989934,True,下偏,營收年增率,Maintain Credit Line / Annual Review,低 (Low),"財務指標穩健,維持現行授信額度,按年度例行覆審。 主要驅動因子:Altman Z' = 2.05(灰色地帶)、營收年增率下滑 (-7.0%)。",reports/2317_2023_credit_review.md,https://github.com/JoeyTaipei/Credit_review_analytics/blob/main/reports/2317_2023_credit_review.md
2317,鴻海,electronics_manufacturing,電子代工,manufacturing,製造業,2023,False,5632.74,5304.1,328.65,150.89,129.08,12.574,4137.82,2563.76,1574.06,1913.28,1357.66,288.07,1069.55,786.82,1085.76,3299.68,300.09,121.3,152.7,3.3,0.794,-0.0700000495318415,-0.0711664387997408,-0.0300691575490683,-0.4131798737013648,0.0229160231077592,-0.0060561278006991,5.739079484841939,1.3278871566204038,-0.3503973621339318,1.409248265397817,29.6,2.0482546233533494,0.6195919590509013,關注,12.000159058374422,0.0831859148485053,0.0310646526464999,False,False,False,False,False,0,0.03,19.0,low,approve,鴻海 綜合風險評級 LOW（評分 19），觸發 0 項異常規則，建議行動：approve。,0.8297069958605247,0.0583463820449727,0.0267880285615881,69.30654530477175,54.14477479685526,-0.0117144243440544,ocf_change,0.12040770609319,1.4582137871167693,False,上偏,營運現金流變動,Maintain Credit Line / Annual Review,低 (Low),"財務指標穩健,維持現行授信額度,按年度例行覆審。 主要驅動因子:Altman Z' = 2.05(灰色地帶)、營收年增率下滑 (-7.0%)。",reports/2317_2023_credit_review.md,https://github.com/JoeyTaipei/Credit_review_analytics/blob/main/reports/2317_2023_credit_review.md
2317,鴻海,electronics_manufacturing,電子代工,manufacturing,製造業,2023,False,5632.74,5304.1,328.65,150.89,129.08,12.574,4137.82,2563.76,1574.06,1913.28,1357.66,288.07,1069.55,786.82,1085.76,3299.68,300.09,121.3,152.7,3.3,0.794,-0.0700000495318415,-0.0711664387997408,-0.0300691575490683,-0.4131798737013648,0.0229160231077592,-0.0060561278006991,5.739079484841939,1.3278871566204038,-0.3503973621339318,1.409248265397817,29.6,2.0482546233533494,0.6195919590509013,關注,12.000159058374422,0.0831859148485053,0.0310646526464999,False,False,False,False,False,0,0.03,19.0,low,approve,鴻海 綜合風險評級 LOW（評分 19），觸發 0 項異常規則，建議行動：approve。,0.8297069958605247,0.0583463820449727,0.0267880285615881,69.30654530477175,54.14477479685526,-0.0117144243440544,liabilities_yoy,-0.0300691575490683,-0.0687965375070907,False,下偏,負債年增率,Maintain Credit Line / Annual Review,低 (Low),"財務指標穩健,維持現行授信額度,按年度例行覆審。 主要驅動因子:Altman Z' = 2.05(灰色地帶)、營收年增率下滑 (-7.0%)。",reports/2317_2023_credit_review.md,https://github.com/JoeyTaipei/Credit_review_analytics/blob/main/reports/2317_2023_credit_review.md
2317,鴻海,electronics_manufacturing,電子代工,manufacturing,製造業,2024,False,5949.05,5610.26,338.78,157.03,139.48,13.086,3784.38,2192.16,1592.22,1851.75,1202.11,278.55,950.07,902.66,1074.07,3583.34,296.15,120.1,144.1,3.0,0.833,0.0561556187574787,0.0805701890300587,-0.1449433644334884,-0.0330475231714513,0.0234457602474344,-0.0089275136847343,5.862766696137052,1.2841828131261488,-0.3530916566746941,1.5404164344361166,22.4,2.366311668948545,0.5792652957683952,低風險,11.999847164909063,0.0881033894665032,0.0352124409886142,False,False,False,False,False,0,0.026,14.5,low,approve,鴻海 綜合風險評級 LOW（評分 14），觸發 0 項異常規則，建議行動：approve。,0.7895200938350069,0.056946907489431,0.0263958110958892,58.29091199435205,58.72649395928173,-0.0064417434695187,liabilities_yoy,-0.1449433644334884,-4.336132218172084,True,下偏,負債年增率,Maintain Credit Line / Annual Review,低 (Low),"財務指標穩健,維持現行授信額度,按年度例行覆審。 主要驅動因子:Altman Z' = 2.37(灰色地帶)。",reports/2317_2024_credit_review.md,https://github.com/JoeyTaipei/Credit_review_analytics/blob/main/reports/2317_2024_credit_review.md
2317,鴻海,electronics_manufacturing,電子代工,manufacturing,製造業,2024,False,5949.05,5610.26,338.78,157.03,139.48,13.086,3784.38,2192.16,1592.22,1851.75,1202.11,278.55,950.07,902.66,1074.07,3583.34,296.15,120.1,144.1,3.0,0.833,0.0561556187574787,0.0805701890300587,-0.1449433644334884,-0.0330475231714513,0.0234457602474344,-0.0089275136847343,5.862766696137052,1.2841828131261488,-0.3530916566746941,1.5404164344361166,22.4,2.366311668948545,0.5792652957683952,低風險,11.999847164909063,0.0881033894665032,0.0352124409886142,False,False,False,False,False,0,0.026,14.5,low,approve,鴻海 綜合風險評級 LOW（評分 14），觸發 0 項異常規則，建議行動：approve。,0.7895200938350069,0.056946907489431,0.0263958110958892,58.29091199435205,58.72649395928173,-0.0064417434695187,revenue_yoy,0.0561556187574787,0.5947942052958941,False,上偏,營收年增率,Maintain Credit Line / Annual Review,低 (Low),"財務指標穩健,維持現行授信額度,按年度例行覆審。 主要驅動因子:Altman Z' = 2.37(灰色地帶)。",reports/2317_2024_credit_review.md,https://github.com/JoeyTaipei/Credit_review_analytics/blob/main/reports/2317_2024_credit_review.md
2317,鴻海,electronics_manufacturing,電子代工,manufacturing,製造業,2024,False,5949.05,5610.26,338.78,157.03,139.48,13.086,3784.38,2192.16,1592.22,1851.75,1202.11,278.55,950.07,902.66,1074.07,3583.34,296.15,120.1,144.1,3.0,0.833,0.0561556187574787,0.0805701890300587,-0.1449433644334884,-0.0330475231714513,0.0234457602474344,-0.0089275136847343,5.862766696137052,1.2841828131261488,-0.3530916566746941,1.5404164344361166,22.4,2.366311668948545,0.5792652957683952,低風險,11.999847164909063,0.0881033894665032,0.0352124409886142,False,False,False,False,False,0,0.026,14.5,low,approve,鴻海 綜合風險評級 LOW（評分 14），觸發 0 項異常規則，建議行動：approve。,0.7895200938350069,0.056946907489431,0.0263958110958892,58.29091199435205,58.72649395928173,-0.0064417434695187,ocf_change,-0.0131293945149788,-0.4810184098252556,False,下偏,營運現金流變動,Maintain Credit Line / Annual Review,低 (Low),"財務指標穩健,維持現行授信額度,按年度例行覆審。 主要驅動因子:Altman Z' = 2.37(灰色地帶)。",reports/2317_2024_credit_review.md,https://github.com/JoeyTaipei/Credit_review_analytics/blob/main/reports/2317_2024_credit_review.md
2330,台積電,semiconductors,半導體,manufacturing,製造業,2020,False,1339.0,642.53,696.47,647.61,500.22,6.817,2492.15,734.99,1757.16,844.82,393.13,500.84,178.88,147.5,1286.15,3327.18,773.12,83.0,95.8,1.6,0.866,,,,,0.3735772964899179,,,-0.1682563687808697,1.4648878254012518,2.1489583598300817,0.0,2.914775414685103,0.2949220552534959,低風險,94.99926653953352,0.2846752714607662,0.2007182553217101,False,False,False,False,False,0,0.0,0.0,low,approve,台積電 綜合風險評級 LOW（評分 0），觸發 0 項異常規則，建議行動：approve。,1.7737644036323863,0.5201418969380135,0.4836519790888723,48.76116504854369,83.78986195197112,,,,,,,,Maintain Credit Line / Annual Review,低 (Low),"財務指標穩健,維持現行授信額度,按年度例行覆審。",reports/2330_2020_credit_review.md,https://github.com/JoeyTaipei/Credit_review_analytics/blob/main/reports/2330_2020_credit_review.md
2330,台積電,semiconductors,半導體,manufacturing,製造業,2021,False,1767.97,836.05,931.92,643.08,651.42,6.769,3086.84,864.36,2222.48,920.14,470.64,587.04,223.27,200.95,1590.61,4152.97,989.19,86.7,103.1,1.4,0.84,0.3203659447348768,0.3022670025188916,0.17601600021769,0.1721108537656737,0.3684564783339084,,,-0.0718609172734496,1.4749369330555164,1.9550824409314973,1.1,2.8396577089966635,0.2800145132238794,低風險,95.0036933077264,0.3273763455990994,0.2335261400360997,False,False,False,False,False,0,0.0,0.7,low,approve,台積電 綜合風險評級 LOW（評分 1），觸發 0 項異常規則，建議行動：approve。,1.528110657827639,0.5271130166235852,0.3637392037195201,46.09441902294723,87.73009987440943,,revenue_yoy,0.3203659447348768,2.6035477663912663,True,上偏,營收年增率,Maintain Credit Line / Annual Review,低 (Low),"財務指標穩健,維持現行授信額度,按年度例行覆審。 主要驅動因子:Altman Z' = 2.84(灰色地帶)。",reports/2330_2021_credit_review.md,https://github.com/JoeyTaipei/Credit_review_analytics/blob/main/reports/2330_2021_credit_review.md
2330,台積電,semiconductors,半導體,manufacturing,製造業,2021,False,1767.97,836.05,931.92,643.08,651.42,6.769,3086.84,864.36,2222.48,920.14,470.64,587.04,223.27,200.95,1590.61,4152.97,989.19,86.7,103.1,1.4,0.84,0.3203659447348768,0.3022670025188916,0.17601600021769,0.1721108537656737,0.3684564783339084,,,-0.0718609172734496,1.4749369330555164,1.9550824409314973,1.1,2.8396577089966635,0.2800145132238794,低風險,95.0036933077264,0.3273763455990994,0.2335261400360997,False,False,False,False,False,0,0.0,0.7,low,approve,台積電 綜合風險評級 LOW（評分 1），觸發 0 項異常規則，建議行動：approve。,1.528110657827639,0.5271130166235852,0.3637392037195201,46.09441902294723,87.73009987440943,,liabilities_yoy,0.17601600021769,-0.6200048616246242,False,下偏,負債年增率,Maintain Credit Line / Annual Review,低 (Low),"財務指標穩健,維持現行授信額度,按年度例行覆審。 主要驅動因子:Altman Z' = 2.84(灰色地帶)。",reports/2330_2021_credit_review.md,https://github.com/JoeyTaipei/Credit_review_analytics/blob/main/reports/2330_2021_credit_review.md
2330,台積電,semiconductors,半導體,manufacturing,製造業,2021,False,1767.97,836.05,931.92,643.08,651.42,6.769,3086.84,864.36,2222.48,920.14,470.64,587.04,223.27,200.95,1590.61,4152.97,989.19,86.7,103.1,1.4,0.84,0.3203659447348768,0.3022670025188916,0.17601600021769,0.1721108537656737,0.3684564783339084,,,-0.0718609172734496,1.4749369330555164,1.9550824409314973,1.1,2.8396577089966635,0.2800145132238794,低風險,95.0036933077264,0.3273763455990994,0.2335261400360997,False,False,False,False,False,0,0.0,0.7,low,approve,台積電 綜合風險評級 LOW（評分 1），觸發 0 項異常規則，建議行動：approve。,1.528110657827639,0.5271130166235852,0.3637392037195201,46.09441902294723,87.73009987440943,,ocf_change,0.2794779594370862,0.303461714525488,False,上偏,營運現金流變動,Maintain Credit Line / Annual Review,低 (Low),"財務指標穩健,維持現行授信額度,按年度例行覆審。 主要驅動因子:Altman Z' = 2.84(灰色地帶)。",reports/2330_2021_credit_review.md,https://github.com/JoeyTaipei/Credit_review_analytics/blob/main/reports/2330_2021_credit_review.md
2330,台積電,semiconductors,半導體,manufacturing,製造業,2022,False,2147.3,1063.14,1084.16,939.52,811.0,9.89,4071.0,1294.36,2776.64,1436.77,675.84,829.2,290.43,287.37,1758.37,6184.53,913.87,74.2,99.1,1.3,0.748,0.214556808090635,0.2449725215682663,0.4974779027257159,0.412510220768602,0.3776836026638103,0.266356761481048,155.40882900702053,0.00196242618637,1.4814748418078885,2.1259025804924243,4.6,2.644288447155301,0.3179464505035617,低風險,94.99696663296258,0.3244571044503833,0.2266046740357426,False,False,True,False,False,1,0.132,8.0,low,approve,台積電 綜合風險評級 LOW（評分 8），觸發 1 項異常規則，建議行動：approve。,1.7006983901515151,0.5048945186978997,0.4375355097098681,49.367554603455496,98.66061854506462,0.039781832989617,ocf_change,-0.0761431069865243,-4.987243460817109,True,下偏,營運現金流變動,Maintain Credit Line / Annual Review,低 (Low),"財務指標穩健,維持現行授信額度,按年度例行覆審。 主要驅動因子:Altman Z' = 2.64(灰色地帶)。",reports/2330_2022_credit_review.md,https://github.com/JoeyTaipei/Credit_review_analytics/blob/main/reports/2330_2022_credit_review.md
2330,台積電,semiconductors,半導體,manufacturing,製造業,2022,False,2147.3,1063.14,1084.16,939.52,811.0,9.89,4071.0,1294.36,2776.64,1436.77,675.84,829.2,290.43,287.37,1758.37,6184.53,913.87,74.2,99.1,1.3,0.748,0.214556808090635,0.2449725215682663,0.4974779027257159,0.412510220768602,0.3776836026638103,0.266356761481048,155.40882900702053,0.00196242618637,1.4814748418078885,2.1259025804924243,4.6,2.644288447155301,0.3179464505035617,低風險,94.99696663296258,0.3244571044503833,0.2266046740357426,False,False,True,False,False,1,0.132,8.0,low,approve,台積電 綜合風險評級 LOW（評分 8），觸發 1 項異常規則，建議行動：approve。,1.7006983901515151,0.5048945186978997,0.4375355097098681,49.367554603455496,98.66061854506462,0.039781832989617,liabilities_yoy,0.4974779027257159,2.100537452852074,True,上偏,負債年增率,Maintain Credit Line / Annual Review,低 (Low),"財務指標穩健,維持現行授信額度,按年度例行覆審。 主要驅動因子:Altman Z' = 2.64(灰色地帶)。",reports/2330_2022_credit_review.md,https://github.com/JoeyTaipei/Credit_review_analytics/blob/main/reports/2330_2022_credit_review.md
2330,台積電,semiconductors,半導體,manufacturing,製造業,2022,False,2147.3,1063.14,1084.16,939.52,811.0,9.89,4071.0,1294.36,2776.64,1436.77,675.84,829.2,290.43,287.37,1758.37,6184.53,913.87,74.2,99.1,1.3,0.748,0.214556808090635,0.2449725215682663,0.4974779027257159,0.412510220768602,0.3776836026638103,0.266356761481048,155.40882900702053,0.00196242618637,1.4814748418078885,2.1259025804924243,4.6,2.644288447155301,0.3179464505035617,低風險,94.99696663296258,0.3244571044503833,0.2266046740357426,False,False,True,False,False,1,0.132,8.0,low,approve,台積電 綜合風險評級 LOW（評分 8），觸發 1 項異常規則，建議行動：approve。,1.7006983901515151,0.5048945186978997,0.4375355097098681,49.367554603455496,98.66061854506462,0.039781832989617,revenue_yoy,0.214556808090635,-0.7185938055995854,False,下偏,營收年增率,Maintain Credit Line / Annual Review,低 (Low),"財務指標穩健,維持現行授信額度,按年度例行覆審。 主要驅動因子:Altman Z' = 2.64(灰色地帶)。",reports/2330_2022_credit_review.md,https://github.com/JoeyTaipei/Credit_review_analytics/blob/main/reports/2330_2022_credit_review.md
2330,台積電,semiconductors,半導體,manufacturing,製造業,2023,False,2729.33,1264.77,1464.56,1071.51,1098.17,11.279,5311.17,1784.43,3526.74,2159.27,1036.35,1586.54,304.22,306.51,2308.01,7068.21,1322.95,87.1,99.6,1.8,0.874,0.2710520188143248,0.3540937114673244,0.3786195494298341,0.9133381572600094,0.4023588206629466,0.2424833531634473,226.3912350335148,0.2122358491136912,1.4915944179030742,2.083533555266078,7.8,2.489432683818687,0.3359768186670733,低風險,95.00044330171114,0.3484384568279241,0.2340972291058465,False,False,True,False,False,1,0.052,6.8,low,approve,台積電 綜合風險評級 LOW（評分 7），觸發 1 項異常規則，建議行動：approve。,1.7877744005403582,0.5366005576460157,0.3925908556312355,40.68408730347742,88.45572712825256,0.0210621112288247,ocf_change,0.4476347839408232,1.756220979692691,False,上偏,營運現金流變動,Maintain Credit Line / Annual Review,低 (Low),"財務指標穩健,維持現行授信額度,按年度例行覆審。 主要驅動因子:Altman Z' = 2.49(灰色地帶)。",reports/2330_2023_credit_review.md,https://github.com/JoeyTaipei/Credit_review_analytics/blob/main/reports/2330_2023_credit_review.md
2330,台積電,semiconductors,半導體,manufacturing,製造業,2023,False,2729.33,1264.77,1464.56,1071.51,1098.17,11.279,5311.17,1784.43,3526.74,2159.27,1036.35,1586.54,304.22,306.51,2308.01,7068.21,1322.95,87.1,99.6,1.8,0.874,0.2710520188143248,0.3540937114673244,0.3786195494298341,0.9133381572600094,0.4023588206629466,0.2424833531634473,226.3912350335148,0.2122358491136912,1.4915944179030742,2.083533555266078,7.8,2.489432683818687,0.3359768186670733,低風險,95.00044330171114,0.3484384568279241,0.2340972291058465,False,False,True,False,False,1,0.052,6.8,low,approve,台積電 綜合風險評級 LOW（評分 7），觸發 1 項異常規則，建議行動：approve。,1.7877744005403582,0.5366005576460157,0.3925908556312355,40.68408730347742,88.45572712825256,0.0210621112288247,liabilities_yoy,0.3786195494298341,0.7398987197376209,False,上偏,負債年增率,Maintain Credit Line / Annual Review,低 (Low),"財務指標穩健,維持現行授信額度,按年度例行覆審。 主要驅動因子:Altman Z' = 2.49(灰色地帶)。",reports/2330_2023_credit_review.md,https://github.com/JoeyTaipei/Credit_review_analytics/blob/main/reports/2330_2023_credit_review.md
2330,台積電,semiconductors,半導體,manufacturing,製造業,2023,False,2729.33,1264.77,1464.56,1071.51,1098.17,11.279,5311.17,1784.43,3526.74,2159.27,1036.35,1586.54,304.22,306.51,2308.01,7068.21,1322.95,87.1,99.6,1.8,0.874,0.2710520188143248,0.3540937114673244,0.3786195494298341,0.9133381572600094,0.4023588206629466,0.2424833531634473,226.3912350335148,0.2122358491136912,1.4915944179030742,2.083533555266078,7.8,2.489432683818687,0.3359768186670733,低風險,95.00044330171114,0.3484384568279241,0.2340972291058465,False,False,True,False,False,1,0.052,6.8,low,approve,台積電 綜合風險評級 LOW（評分 7），觸發 1 項異常規則，建議行動：approve。,1.7877744005403582,0.5366005576460157,0.3925908556312355,40.68408730347742,88.45572712825256,0.0210621112288247,revenue_yoy,0.2710520188143248,0.5515074516965984,False,上偏,營收年增率,Maintain Credit Line / Annual Review,低 (Low),"財務指標穩健,維持現行授信額度,按年度例行覆審。 主要驅動因子:Altman Z' = 2.49(灰色地帶)。",reports/2330_2023_credit_review.md,https://github.com/JoeyTaipei/Credit_review_analytics/blob/main/reports/2330_2023_credit_review.md
2330,台積電,semiconductors,半導體,manufacturing,製造業,2024,False,3217.25,1483.86,1733.39,1174.58,1207.62,12.364,5840.03,1829.23,4010.8,2073.13,1003.63,1282.87,425.1,325.93,3016.69,9321.44,1678.85,84.9,103.1,1.5,0.823,0.1787691484723357,0.0996658076618373,0.0251060562756735,-0.1914039356083049,0.3753578366617452,0.22404121902892,204.83869092532336,0.3000031343899328,1.491890840930764,2.065631756723095,4.5,2.66441799591444,0.3132227060477429,低風險,95.0,0.3204281502983732,0.2165901427649041,False,False,False,False,False,0,0.0,2.7,low,approve,台積電 綜合風險評級 LOW（評分 3），觸發 0 項異常規則，建議行動：approve。,1.7408806034096231,0.5387800139871008,0.3650881964410599,48.227989742792765,80.17228714299193,-0.0040289541520101,liabilities_yoy,0.0251060562756735,-2.4534135165034328,True,下偏,負債年增率,Maintain Credit Line / Annual Review,低 (Low),"財務指標穩健,維持現行授信額度,按年度例行覆審。 主要驅動因子:Altman Z' = 2.66(灰色地帶)。",reports/2330_2024_credit_review.md,https://github.com/JoeyTaipei/Credit_review_analytics/blob/main/reports/2330_2024_credit_review.md
2330,台積電,semiconductors,半導體,manufacturing,製造業,2024,False,3217.25,1483.86,1733.39,1174.58,1207.62,12.364,5840.03,1829.23,4010.8,2073.13,1003.63,1282.87,425.1,325.93,3016.69,9321.44,1678.85,84.9,103.1,1.5,0.823,0.1787691484723357,0.0996658076618373,0.0251060562756735,-0.1914039356083049,0.3753578366617452,0.22404121902892,204.83869092532336,0.3000031343899328,1.491890840930764,2.065631756723095,4.5,2.66441799591444,0.3132227060477429,低風險,95.0,0.3204281502983732,0.2165901427649041,False,False,False,False,False,0,0.0,2.7,low,approve,台積電 綜合風險評級 LOW（評分 3），觸發 0 項異常規則，建議行動：approve。,1.7408806034096231,0.5387800139871008,0.3650881964410599,48.227989742792765,80.17228714299193,-0.0040289541520101,revenue_yoy,0.1787691484723357,-2.0793441027096096,True,下偏,營收年增率,Maintain Credit Line / Annual Review,低 (Low),"財務指標穩健,維持現行授信額度,按年度例行覆審。 主要驅動因子:Altman Z' = 2.66(灰色地帶)。",reports/2330_2024_credit_review.md,https://github.com/JoeyTaipei/Credit_review_analytics/blob/main/reports/2330_2024_credit_review.md
2330,台積電,semiconductors,半導體,manufacturing,製造業,2024,False,3217.25,1483.86,1733.39,1174.58,1207.62,12.364,5840.03,1829.23,4010.8,2073.13,1003.63,1282.87,425.1,325.93,3016.69,9321.44,1678.85,84.9,103.1,1.5,0.823,0.1787691484723357,0.0996658076618373,0.0251060562756735,-0.1914039356083049,0.3753578366617452,0.22404121902892,204.83869092532336,0.3000031343899328,1.491890840930764,2.065631756723095,4.5,2.66441799591444,0.3132227060477429,低風險,95.0,0.3204281502983732,0.2165901427649041,False,False,False,False,False,0,0.0,2.7,low,approve,台積電 綜合風險評級 LOW（評分 3），觸發 0 項異常規則，建議行動：approve。,1.7408806034096231,0.5387800139871008,0.3650881964410599,48.227989742792765,80.17228714299193,-0.0040289541520101,ocf_change,0.2690199931970216,0.238288833503373,False,上偏,營運現金流變動,Maintain Credit Line / Annual Review,低 (Low),"財務指標穩健,維持現行授信額度,按年度例行覆審。 主要驅動因子:Altman Z' = 2.66(灰色地帶)。",reports/2330_2024_credit_review.md,https://github.com/JoeyTaipei/Credit_review_analytics/blob/main/reports/2330_2024_credit_review.md
2412,中華電,telecom,電信服務,services,服務業,2020,False,207.0,131.3,75.7,42.2,28.56,0.528,453.52,138.99,314.53,78.63,74.52,49.68,20.12,6.29,222.38,594.78,42.37,37.7,55.1,1.6,0.684,,,,,0.1379710144927536,,,0.3119188708249338,1.0750567595271778,1.0551529790660226,14.7,2.116887370672753,0.3064693949550185,低風險,79.92424242424242,0.0908021492385464,0.0629740695007937,False,False,False,False,False,0,0.0,8.8,low,approve,中華電 綜合風險評級 LOW（評分 9），觸發 0 項異常規則，建議行動：approve。,0.9707461084272676,0.3657004830917874,0.2038647342995169,35.47729468599034,17.485529322162986,,,,,,,,Maintain Credit Line / Annual Review,低 (Low),"財務指標穩健,維持現行授信額度,按年度例行覆審。 主要驅動因子:Altman Z' = 2.12(灰色地帶)。",reports/2412_2020_credit_review.md,https://github.com/JoeyTaipei/Credit_review_analytics/blob/main/reports/2412_2020_credit_review.md
2412,中華電,telecom,電信服務,services,服務業,2021,False,208.35,133.93,74.42,42.25,33.11,0.528,455.76,129.4,326.36,67.66,65.8,42.61,24.89,5.02,210.62,684.58,47.84,37.7,54.5,1.4,0.691,0.0065217391304348,0.1593137254901961,-0.0689977696237139,-0.1423107890499194,0.1589152867770578,,,0.2565440643652352,1.086851329485453,1.0282674772036473,12.8,2.197892660465024,0.2839213621204142,低風險,80.01893939393939,0.1033250635834542,0.0728268520147809,False,False,False,False,False,0,0.007,8.0,low,approve,中華電 綜合風險評級 LOW（評分 8），觸發 0 項異常規則，建議行動：approve。,0.9519756838905776,0.3571874250059995,0.2027837772978162,43.603791696664274,13.681027402374372,,revenue_yoy,0.0065217391304348,5.116134834156991,True,上偏,營收年增率,Maintain Credit Line / Annual Review,低 (Low),"財務指標穩健,維持現行授信額度,按年度例行覆審。 主要驅動因子:Altman Z' = 2.20(灰色地帶)。",reports/2412_2021_credit_review.md,https://github.com/JoeyTaipei/Credit_review_analytics/blob/main/reports/2412_2021_credit_review.md
2412,中華電,telecom,電信服務,services,服務業,2021,False,208.35,133.93,74.42,42.25,33.11,0.528,455.76,129.4,326.36,67.66,65.8,42.61,24.89,5.02,210.62,684.58,47.84,37.7,54.5,1.4,0.691,0.0065217391304348,0.1593137254901961,-0.0689977696237139,-0.1423107890499194,0.1589152867770578,,,0.2565440643652352,1.086851329485453,1.0282674772036473,12.8,2.197892660465024,0.2839213621204142,低風險,80.01893939393939,0.1033250635834542,0.0728268520147809,False,False,False,False,False,0,0.007,8.0,low,approve,中華電 綜合風險評級 LOW（評分 8），觸發 0 項異常規則，建議行動：approve。,0.9519756838905776,0.3571874250059995,0.2027837772978162,43.603791696664274,13.681027402374372,,ocf_change,0.1291007788529621,1.3107364694786816,False,上偏,營運現金流變動,Maintain Credit Line / Annual Review,低 (Low),"財務指標穩健,維持現行授信額度,按年度例行覆審。 主要驅動因子:Altman Z' = 2.20(灰色地帶)。",reports/2412_2021_credit_review.md,https://github.com/JoeyTaipei/Credit_review_analytics/blob/main/reports/2412_2021_credit_review.md
2412,中華電,telecom,電信服務,services,服務業,2021,False,208.35,133.93,74.42,42.25,33.11,0.528,455.76,129.4,326.36,67.66,65.8,42.61,24.89,5.02,210.62,684.58,47.84,37.7,54.5,1.4,0.691,0.0065217391304348,0.1593137254901961,-0.0689977696237139,-0.1423107890499194,0.1589152867770578,,,0.2565440643652352,1.086851329485453,1.0282674772036473,12.8,2.197892660465024,0.2839213621204142,低風險,80.01893939393939,0.1033250635834542,0.0728268520147809,False,False,False,False,False,0,0.007,8.0,low,approve,中華電 綜合風險評級 LOW（評分 8），觸發 0 項異常規則，建議行動：approve。,0.9519756838905776,0.3571874250059995,0.2027837772978162,43.603791696664274,13.681027402374372,,liabilities_yoy,-0.0689977696237139,-1.2663280922161422,False,下偏,負債年增率,Maintain Credit Line / Annual Review,低 (Low),"財務指標穩健,維持現行授信額度,按年度例行覆審。 主要驅動因子:Altman Z' = 2.20(灰色地帶)。",reports/2412_2021_credit_review.md,https://github.com/JoeyTaipei/Credit_review_analytics/blob/main/reports/2412_2021_credit_review.md
2412,中華電,telecom,電信服務,services,服務業,2022,False,209.19,135.0,74.19,42.1,28.79,0.526,447.68,139.97,307.7,96.47,84.55,62.77,24.17,4.74,236.28,608.18,45.53,40.3,56.0,1.5,0.719,0.0040316774658026,-0.1304741769858048,0.0816846986089643,0.4731283736212157,0.1376260815526555,0.0052759373151867,2.563129597451782,0.217750727745552,1.0512211361873802,1.1409816676522768,11.6,2.1479496543998016,0.3126563616869192,低風險,80.03802281368822,0.0908115951171813,0.0637341716107323,False,False,False,False,False,0,0.0,7.0,low,approve,中華電 綜合風險評級 LOW（評分 7），觸發 0 項異常規則，建議行動：approve。,1.0849201655824956,0.3546536641330847,0.2012524499259047,42.17242698025719,12.815555555555555,9.445878634939398e-06,liabilities_yoy,0.0816846986089643,5.852478481782882,True,上偏,負債年增率,Maintain Credit Line / Annual Review,低 (Low),"財務指標穩健,維持現行授信額度,按年度例行覆審。 主要驅動因子:Altman Z' = 2.15(灰色地帶)。",reports/2412_2022_credit_review.md,https://github.com/JoeyTaipei/Credit_review_analytics/blob/main/reports/2412_2022_credit_review.md
2412,中華電,telecom,電信服務,services,服務業,2022,False,209.19,135.0,74.19,42.1,28.79,0.526,447.68,139.97,307.7,96.47,84.55,62.77,24.17,4.74,236.28,608.18,45.53,40.3,56.0,1.5,0.719,0.0040316774658026,-0.1304741769858048,0.0816846986089643,0.4731283736212157,0.1376260815526555,0.0052759373151867,2.563129597451782,0.217750727745552,1.0512211361873802,1.1409816676522768,11.6,2.1479496543998016,0.3126563616869192,低風險,80.03802281368822,0.0908115951171813,0.0637341716107323,False,False,False,False,False,0,0.0,7.0,low,approve,中華電 綜合風險評級 LOW（評分 7），觸發 0 項異常規則，建議行動：approve。,1.0849201655824956,0.3546536641330847,0.2012524499259047,42.17242698025719,12.815555555555555,9.445878634939398e-06,revenue_yoy,0.0040316774658026,-1.7272004975327926,False,下偏,營收年增率,Maintain Credit Line / Annual Review,低 (Low),"財務指標穩健,維持現行授信額度,按年度例行覆審。 主要驅動因子:Altman Z' = 2.15(灰色地帶)。",reports/2412_2022_credit_review.md,https://github.com/JoeyTaipei/Credit_review_analytics/blob/main/reports/2412_2022_credit_review.md
2412,中華電,telecom,電信服務,services,服務業,2022,False,209.19,135.0,74.19,42.1,28.79,0.526,447.68,139.97,307.7,96.47,84.55,62.77,24.17,4.74,236.28,608.18,45.53,40.3,56.0,1.5,0.719,0.0040316774658026,-0.1304741769858048,0.0816846986089643,0.4731283736212157,0.1376260815526555,0.0052759373151867,2.563129597451782,0.217750727745552,1.0512211361873802,1.1409816676522768,11.6,2.1479496543998016,0.3126563616869192,低風險,80.03802281368822,0.0908115951171813,0.0637341716107323,False,False,False,False,False,0,0.0,7.0,low,approve,中華電 綜合風險評級 LOW（評分 7），觸發 0 項異常規則，建議行動：approve。,1.0849201655824956,0.3546536641330847,0.2012524499259047,42.17242698025719,12.815555555555555,9.445878634939398e-06,ocf_change,-0.0482859531772575,-1.082767509744849,False,下偏,營運現金流變動,Maintain Credit Line / Annual Review,低 (Low),"財務指標穩健,維持現行授信額度,按年度例行覆審。 主要驅動因子:Altman Z' = 2.15(灰色地帶)。",reports/2412_2022_credit_review.md,https://github.com/JoeyTaipei/Credit_review_analytics/blob/main/reports/2412_2022_credit_review.md
2412,中華電,telecom,電信服務,services,服務業,2023,False,210.2,134.27,75.93,42.48,33.33,0.531,459.65,137.61,322.04,83.54,75.6,55.78,20.85,5.79,222.76,682.28,51.8,39.6,55.4,1.6,0.714,0.0048281466609301,0.157693643626259,-0.0168607558762591,-0.1113589294248845,0.1585632730732635,0.0044298331176884,2.5600260415342126,0.1678616029787781,1.0888067245954185,1.1050264550264552,10.9,2.149299281026115,0.2993799630153378,低風險,79.99999999999999,0.1058532092609648,0.0734683081128145,False,False,False,False,False,0,0.0,6.5,low,approve,中華電 綜合風險評級 LOW（評分 6），觸發 0 項異常規則，建議行動：approve。,1.0284391534391537,0.3612274024738345,0.2020932445290199,36.20480494766889,15.739554628733147,0.0025281456775105,ocf_change,0.1377113990775311,1.491660220694414,False,上偏,營運現金流變動,Maintain Credit Line / Annual Review,低 (Low),"財務指標穩健,維持現行授信額度,按年度例行覆審。 主要驅動因子:Altman Z' = 2.15(灰色地帶)。",reports/2412_2023_credit_review.md,https://github.com/JoeyTaipei/Credit_review_analytics/blob/main/reports/2412_2023_credit_review.md
2412,中華電,telecom,電信服務,services,服務業,2023,False,210.2,134.27,75.93,42.48,33.33,0.531,459.65,137.61,322.04,83.54,75.6,55.78,20.85,5.79,222.76,682.28,51.8,39.6,55.4,1.6,0.714,0.0048281466609301,0.157693643626259,-0.0168607558762591,-0.1113589294248845,0.1585632730732635,0.0044298331176884,2.5600260415342126,0.1678616029787781,1.0888067245954185,1.1050264550264552,10.9,2.149299281026115,0.2993799630153378,低風險,79.99999999999999,0.1058532092609648,0.0734683081128145,False,False,False,False,False,0,0.0,6.5,low,approve,中華電 綜合風險評級 LOW（評分 6），觸發 0 項異常規則，建議行動：approve。,1.0284391534391537,0.3612274024738345,0.2020932445290199,36.20480494766889,15.739554628733147,0.0025281456775105,revenue_yoy,0.0048281466609301,-0.2964797676304416,False,下偏,營收年增率,Maintain Credit Line / Annual Review,低 (Low),"財務指標穩健,維持現行授信額度,按年度例行覆審。 主要驅動因子:Altman Z' = 2.15(灰色地帶)。",reports/2412_2023_credit_review.md,https://github.com/JoeyTaipei/Credit_review_analytics/blob/main/reports/2412_2023_credit_review.md
2412,中華電,telecom,電信服務,services,服務業,2023,False,210.2,134.27,75.93,42.48,33.33,0.531,459.65,137.61,322.04,83.54,75.6,55.78,20.85,5.79,222.76,682.28,51.8,39.6,55.4,1.6,0.714,0.0048281466609301,0.157693643626259,-0.0168607558762591,-0.1113589294248845,0.1585632730732635,0.0044298331176884,2.5600260415342126,0.1678616029787781,1.0888067245954185,1.1050264550264552,10.9,2.149299281026115,0.2993799630153378,低風險,79.99999999999999,0.1058532092609648,0.0734683081128145,False,False,False,False,False,0,0.0,6.5,low,approve,中華電 綜合風險評級 LOW（評分 6），觸發 0 項異常規則，建議行動：approve。,1.0284391534391537,0.3612274024738345,0.2020932445290199,36.20480494766889,15.739554628733147,0.0025281456775105,liabilities_yoy,-0.0168607558762591,-0.0448890158473964,False,下偏,負債年增率,Maintain Credit Line / Annual Review,低 (Low),"財務指標穩健,維持現行授信額度,按年度例行覆審。 主要驅動因子:Altman Z' = 2.15(灰色地帶)。",reports/2412_2023_credit_review.md,https://github.com/JoeyTaipei/Credit_review_analytics/blob/main/reports/2412_2023_credit_review.md
2412,中華電,telecom,電信服務,services,服務業,2024,False,211.22,129.22,82.0,45.48,29.79,0.569,448.53,130.16,318.37,78.87,70.28,45.19,24.56,5.46,211.36,615.69,47.56,42.5,53.2,1.4,0.8,0.0048525214081827,-0.1062106210621062,-0.0541385073759175,-0.1898529939046254,0.1410377805132089,0.0048403339606482,2.385483878237983,0.1413430302025722,1.0176505457472984,1.1222253841775756,9.8,2.22519506220491,0.2901924063050409,低風險,79.92970123022847,0.0930341499976577,0.0656037349424123,False,False,False,False,False,0,0.0,5.9,low,approve,中華電 綜合風險評級 LOW（評分 6），觸發 0 項異常規則，建議行動：approve。,1.0445361411496872,0.388220812423066,0.2153205188902565,42.44105671811381,15.422535211267606,0.0022225548804763,ocf_change,-0.0818532818532817,-1.8046050275109489,False,下偏,營運現金流變動,Maintain Credit Line / Annual Review,低 (Low),"財務指標穩健,維持現行授信額度,按年度例行覆審。 主要驅動因子:Altman Z' = 2.23(灰色地帶)。",reports/2412_2024_credit_review.md,https://github.com/JoeyTaipei/Credit_review_analytics/blob/main/reports/2412_2024_credit_review.md
2412,中華電,telecom,電信服務,services,服務業,2024,False,211.22,129.22,82.0,45.48,29.79,0.569,448.53,130.16,318.37,78.87,70.28,45.19,24.56,5.46,211.36,615.69,47.56,42.5,53.2,1.4,0.8,0.0048525214081827,-0.1062106210621062,-0.0541385073759175,-0.1898529939046254,0.1410377805132089,0.0048403339606482,2.385483878237983,0.1413430302025722,1.0176505457472984,1.1222253841775756,9.8,2.22519506220491,0.2901924063050409,低風險,79.92970123022847,0.0930341499976577,0.0656037349424123,False,False,False,False,False,0,0.0,5.9,low,approve,中華電 綜合風險評級 LOW（評分 6），觸發 0 項異常規則，建議行動：approve。,1.0445361411496872,0.388220812423066,0.2153205188902565,42.44105671811381,15.422535211267606,0.0022225548804763,liabilities_yoy,-0.0541385073759175,-0.8442147177996147,False,下偏,負債年增率,Maintain Credit Line / Annual Review,低 (Low),"財務指標穩健,維持現行授信額度,按年度例行覆審。 主要驅動因子:Altman Z' = 2.23(灰色地帶)。",reports/2412_2024_credit_review.md,https://github.com/JoeyTaipei/Credit_review_analytics/blob/main/reports/2412_2024_credit_review.md
2412,中華電,telecom,電信服務,services,服務業,2024,False,211.22,129.22,82.0,45.48,29.79,0.569,448.53,130.16,318.37,78.87,70.28,45.19,24.56,5.46,211.36,615.69,47.56,42.5,53.2,1.4,0.8,0.0048525214081827,-0.1062106210621062,-0.0541385073759175,-0.1898529939046254,0.1410377805132089,0.0048403339606482,2.385483878237983,0.1413430302025722,1.0176505457472984,1.1222253841775756,9.8,2.22519506220491,0.2901924063050409,低風險,79.92970123022847,0.0930341499976577,0.0656037349424123,False,False,False,False,False,0,0.0,5.9,low,approve,中華電 綜合風險評級 LOW（評分 6），觸發 0 項異常規則，建議行動：approve。,1.0445361411496872,0.388220812423066,0.2153205188902565,42.44105671811381,15.422535211267606,0.0022225548804763,revenue_yoy,0.0048525214081827,-0.2645288905197304,False,下偏,營收年增率,Maintain Credit Line / Annual Review,低 (Low),"財務指標穩健,維持現行授信額度,按年度例行覆審。 主要驅動因子:Altman Z' = 2.23(灰色地帶)。",reports/2412_2024_credit_review.md,https://github.com/JoeyTaipei/Credit_review_analytics/blob/main/reports/2412_2024_credit_review.md
2882,國泰金,financial_holding,金融控股,financials,金融業,2020,True,670.0,,,112.88,90.3,,14976.68,13948.91,1027.77,,,1198.13,,,616.66,1233.33,91.93,197.7,262.2,2.0,0.754,,,,,0.134776119402985,,,,,,,,0.931375311484254,金融業(另採模型),,0.0878601243468869,0.0060293736662598,False,False,False,False,False,0,,11.1,low,approve,國泰金 綜合風險評級 LOW（評分 11），觸發 0 項異常規則，建議行動：approve。,,,,,,,,,,,,,Maintain Credit Line / Annual Review,低 (Low),"財務指標穩健,維持現行授信額度,按年度例行覆審。 主要驅動因子:負債比率偏高 (93.1%)。",reports/2882_2020_credit_review.md,https://github.com/JoeyTaipei/Credit_review_analytics/blob/main/reports/2882_2020_credit_review.md
2882,國泰金,financial_holding,金融控股,financials,金融業,2021,True,696.96,,,123.84,99.07,,16307.81,15185.59,1122.22,,,1304.62,,,673.33,1346.67,101.04,178.4,249.6,1.9,0.715,0.0402388059701492,0.0971207087486156,0.0886578234428352,0.0888801716007443,0.1421458907254361,,,,,,,,0.9311851192772052,金融業(另採模型),,0.0921585681793868,0.006333489853918,False,False,False,False,False,0,,10.0,low,approve,國泰金 綜合風險評級 LOW（評分 10），觸發 0 項異常規則，建議行動：approve。,,,,,,,revenue_yoy,0.0402388059701492,-1.238319690585654,False,下偏,營收年增率,Maintain Credit Line / Annual Review,低 (Low),"財務指標穩健,維持現行授信額度,按年度例行覆審。 主要驅動因子:負債比率偏高 (93.1%)。",reports/2882_2021_credit_review.md,https://github.com/JoeyTaipei/Credit_review_analytics/blob/main/reports/2882_2021_credit_review.md
2882,國泰金,financial_holding,金融控股,financials,金融業,2021,True,696.96,,,123.84,99.07,,16307.81,15185.59,1122.22,,,1304.62,,,673.33,1346.67,101.04,178.4,249.6,1.9,0.715,0.0402388059701492,0.0971207087486156,0.0886578234428352,0.0888801716007443,0.1421458907254361,,,,,,,,0.9311851192772052,金融業(另採模型),,0.0921585681793868,0.006333489853918,False,False,False,False,False,0,,10.0,low,approve,國泰金 綜合風險評級 LOW（評分 10），觸發 0 項異常規則，建議行動：approve。,,,,,,,liabilities_yoy,0.0886578234428352,1.002107007198064,False,上偏,負債年增率,Maintain Credit Line / Annual Review,低 (Low),"財務指標穩健,維持現行授信額度,按年度例行覆審。 主要驅動因子:負債比率偏高 (93.1%)。",reports/2882_2021_credit_review.md,https://github.com/JoeyTaipei/Credit_review_analytics/blob/main/reports/2882_2021_credit_review.md
2882,國泰金,financial_holding,金融控股,financials,金融業,2021,True,696.96,,,123.84,99.07,,16307.81,15185.59,1122.22,,,1304.62,,,673.33,1346.67,101.04,178.4,249.6,1.9,0.715,0.0402388059701492,0.0971207087486156,0.0886578234428352,0.0888801716007443,0.1421458907254361,,,,,,,,0.9311851192772052,金融業(另採模型),,0.0921585681793868,0.006333489853918,False,False,False,False,False,0,,10.0,low,approve,國泰金 綜合風險評級 LOW（評分 10），觸發 0 項異常規則，建議行動：approve。,,,,,,,ocf_change,0.0990971391275969,0.6156905775164219,False,上偏,營運現金流變動,Maintain Credit Line / Annual Review,低 (Low),"財務指標穩健,維持現行授信額度,按年度例行覆審。 主要驅動因子:負債比率偏高 (93.1%)。",reports/2882_2021_credit_review.md,https://github.com/JoeyTaipei/Credit_review_analytics/blob/main/reports/2882_2021_credit_review.md
2882,國泰金,financial_holding,金融控股,financials,金融業,2022,True,734.96,,,103.19,82.55,,14012.56,13091.81,920.75,,,1121.01,,,552.45,1104.9,98.64,196.7,251.3,2.1,0.783,0.0545224977043159,-0.1667507822751589,-0.1378793975077689,-0.1407382992748845,0.112319037770763,0.0473563022584992,8.265246517799696,,,,,,0.9342910931335888,金融業(另採模型),,0.08081371728415,0.0054451842111425,False,False,False,False,False,0,,12.2,low,approve,國泰金 綜合風險評級 LOW（評分 12），觸發 0 項異常規則，建議行動：approve。,,,,,,-0.0070464070627369,liabilities_yoy,-0.1378793975077689,-4.037303357549958,True,下偏,負債年增率,Maintain Credit Line / Annual Review,低 (Low),"財務指標穩健,維持現行授信額度,按年度例行覆審。 主要驅動因子:負債比率偏高 (93.4%)。",reports/2882_2022_credit_review.md,https://github.com/JoeyTaipei/Credit_review_analytics/blob/main/reports/2882_2022_credit_review.md
2882,國泰金,financial_holding,金融控股,financials,金融業,2022,True,734.96,,,103.19,82.55,,14012.56,13091.81,920.75,,,1121.01,,,552.45,1104.9,98.64,196.7,251.3,2.1,0.783,0.0545224977043159,-0.1667507822751589,-0.1378793975077689,-0.1407382992748845,0.112319037770763,0.0473563022584992,8.265246517799696,,,,,,0.9342910931335888,金融業(另採模型),,0.08081371728415,0.0054451842111425,False,False,False,False,False,0,,12.2,low,approve,國泰金 綜合風險評級 LOW（評分 12），觸發 0 項異常規則，建議行動：approve。,,,,,,-0.0070464070627369,ocf_change,-0.0237529691211402,-1.858285935879328,False,下偏,營運現金流變動,Maintain Credit Line / Annual Review,低 (Low),"財務指標穩健,維持現行授信額度,按年度例行覆審。 主要驅動因子:負債比率偏高 (93.4%)。",reports/2882_2022_credit_review.md,https://github.com/JoeyTaipei/Credit_review_analytics/blob/main/reports/2882_2022_credit_review.md
2882,國泰金,financial_holding,金融控股,financials,金融業,2022,True,734.96,,,103.19,82.55,,14012.56,13091.81,920.75,,,1121.01,,,552.45,1104.9,98.64,196.7,251.3,2.1,0.783,0.0545224977043159,-0.1667507822751589,-0.1378793975077689,-0.1407382992748845,0.112319037770763,0.0473563022584992,8.265246517799696,,,,,,0.9342910931335888,金融業(另採模型),,0.08081371728415,0.0054451842111425,False,False,False,False,False,0,,12.2,low,approve,國泰金 綜合風險評級 LOW（評分 12），觸發 0 項異常規則，建議行動：approve。,,,,,,-0.0070464070627369,revenue_yoy,0.0545224977043159,0.437127433315954,False,上偏,營收年增率,Maintain Credit Line / Annual Review,低 (Low),"財務指標穩健,維持現行授信額度,按年度例行覆審。 主要驅動因子:負債比率偏高 (93.4%)。",reports/2882_2022_credit_review.md,https://github.com/JoeyTaipei/Credit_review_analytics/blob/main/reports/2882_2022_credit_review.md
2882,國泰金,financial_holding,金融控股,financials,金融業,2023,True,784.06,,,103.21,82.57,,14012.37,13011.25,1001.13,,,1120.99,,,600.68,1201.35,99.76,201.1,240.9,1.9,0.835,0.0668063568085337,0.0002422774076316,-0.0061534654108178,-1.7841054049450022e-05,0.105310818049639,0.0606466442451871,9.532058189779026,,,,,,0.9285545557246918,金融業(另採模型),,0.0859262805169937,0.005892610614906,False,False,False,False,False,0,,10.0,low,approve,國泰金 綜合風險評級 LOW（評分 10），觸發 0 項異常規則，建議行動：approve。,,,,,,-0.0062322876623931,revenue_yoy,0.0668063568085337,3.2253793674360995,True,上偏,營收年增率,Maintain Credit Line / Annual Review,低 (Low),"財務指標穩健,維持現行授信額度,按年度例行覆審。 主要驅動因子:負債比率偏高 (92.9%)。",reports/2882_2023_credit_review.md,https://github.com/JoeyTaipei/Credit_review_analytics/blob/main/reports/2882_2023_credit_review.md
2882,國泰金,financial_holding,金融控股,financials,金融業,2023,True,784.06,,,103.21,82.57,,14012.37,13011.25,1001.13,,,1120.99,,,600.68,1201.35,99.76,201.1,240.9,1.9,0.835,0.0668063568085337,0.0002422774076316,-0.0061534654108178,-1.7841054049450022e-05,0.105310818049639,0.0606466442451871,9.532058189779026,,,,,,0.9285545557246918,金融業(另採模型),,0.0859262805169937,0.005892610614906,False,False,False,False,False,0,,10.0,low,approve,國泰金 綜合風險評級 LOW（評分 10），觸發 0 項異常規則，建議行動：approve。,,,,,,-0.0062322876623931,ocf_change,0.0113544201135442,-0.8782726653116435,False,下偏,營運現金流變動,Maintain Credit Line / Annual Review,低 (Low),"財務指標穩健,維持現行授信額度,按年度例行覆審。 主要驅動因子:負債比率偏高 (92.9%)。",reports/2882_2023_credit_review.md,https://github.com/JoeyTaipei/Credit_review_analytics/blob/main/reports/2882_2023_credit_review.md
2882,國泰金,financial_holding,金融控股,financials,金融業,2023,True,784.06,,,103.21,82.57,,14012.37,13011.25,1001.13,,,1120.99,,,600.68,1201.35,99.76,201.1,240.9,1.9,0.835,0.0668063568085337,0.0002422774076316,-0.0061534654108178,-1.7841054049450022e-05,0.105310818049639,0.0606466442451871,9.532058189779026,,,,,,0.9285545557246918,金融業(另採模型),,0.0859262805169937,0.005892610614906,False,False,False,False,False,0,,10.0,low,approve,國泰金 綜合風險評級 LOW（評分 10），觸發 0 項異常規則，建議行動：approve。,,,,,,-0.0062322876623931,liabilities_yoy,-0.0061534654108178,-0.230613622098753,False,下偏,負債年增率,Maintain Credit Line / Annual Review,低 (Low),"財務指標穩健,維持現行授信額度,按年度例行覆審。 主要驅動因子:負債比率偏高 (92.9%)。",reports/2882_2023_credit_review.md,https://github.com/JoeyTaipei/Credit_review_analytics/blob/main/reports/2882_2023_credit_review.md
2882,國泰金,financial_holding,金融控股,financials,金融業,2024,True,815.45,,,130.42,104.34,,15495.51,14416.32,1079.19,,,1239.64,,,647.51,1295.03,115.86,196.3,247.1,2.1,0.794,0.040035201387649,0.2636550805377258,0.1079888557978672,0.1058439415159815,0.1279538904899135,0.0533357319226324,12.574692839190948,,,,,,0.9303546640284832,金融業(另採模型),,0.1003114905399169,0.0070720092395658,False,False,False,False,False,0,,12.2,low,approve,國泰金 綜合風險評級 LOW（評分 12），觸發 0 項異常規則，建議行動：approve。,,,,,,0.0194977732557669,ocf_change,0.1613873295910184,2.564362040702692,True,上偏,營運現金流變動,Maintain Credit Line / Annual Review,低 (Low),"財務指標穩健,維持現行授信額度,按年度例行覆審。 主要驅動因子:負債比率偏高 (93.0%)。",reports/2882_2024_credit_review.md,https://github.com/JoeyTaipei/Credit_review_analytics/blob/main/reports/2882_2024_credit_review.md
2882,國泰金,financial_holding,金融控股,financials,金融業,2024,True,815.45,,,130.42,104.34,,15495.51,14416.32,1079.19,,,1239.64,,,647.51,1295.03,115.86,196.3,247.1,2.1,0.794,0.040035201387649,0.2636550805377258,0.1079888557978672,0.1058439415159815,0.1279538904899135,0.0533357319226324,12.574692839190948,,,,,,0.9303546640284832,金融業(另採模型),,0.1003114905399169,0.0070720092395658,False,False,False,False,False,0,,12.2,low,approve,國泰金 綜合風險評級 LOW（評分 12），觸發 0 項異常規則，建議行動：approve。,,,,,,0.0194977732557669,liabilities_yoy,0.1079888557978672,1.3612307363433405,False,上偏,負債年增率,Maintain Credit Line / Annual Review,低 (Low),"財務指標穩健,維持現行授信額度,按年度例行覆審。 主要驅動因子:負債比率偏高 (93.0%)。",reports/2882_2024_credit_review.md,https://github.com/JoeyTaipei/Credit_review_analytics/blob/main/reports/2882_2024_credit_review.md
2882,國泰金,financial_holding,金融控股,financials,金融業,2024,True,815.45,,,130.42,104.34,,15495.51,14416.32,1079.19,,,1239.64,,,647.51,1295.03,115.86,196.3,247.1,2.1,0.794,0.040035201387649,0.2636550805377258,0.1079888557978672,0.1058439415159815,0.1279538904899135,0.0533357319226324,12.574692839190948,,,,,,0.9303546640284832,金融業(另採模型),,0.1003114905399169,0.0070720092395658,False,False,False,False,False,0,,12.2,low,approve,國泰金 綜合風險評級 LOW（評分 12），觸發 0 項異常規則，建議行動：approve。,,,,,,0.0194977732557669,revenue_yoy,0.040035201387649,-1.2730455648431789,False,下偏,營收年增率,Maintain Credit Line / Annual Review,低 (Low),"財務指標穩健,維持現行授信額度,按年度例行覆審。 主要驅動因子:負債比率偏高 (93.0%)。",reports/2882_2024_credit_review.md,https://github.com/JoeyTaipei/Credit_review_analytics/blob/main/reports/2882_2024_credit_review.md
2891,中信金,financial_holding,金融控股,financials,金融業,2020,True,175.0,,,73.6,58.88,,9668.1,9216.43,451.68,,,773.45,,,271.01,542.01,75.86,183.2,222.7,2.5,0.822,,,,,0.3364571428571429,,,,,,,,0.9532824443272204,金融業(另採模型),,0.1303577754162238,0.0060901314632657,False,False,False,False,False,0,,16.7,low,approve,中信金 綜合風險評級 LOW（評分 17），觸發 0 項異常規則，建議行動：approve。,,,,,,,,,,,,,Maintain Credit Line / Annual Review,低 (Low),"財務指標穩健,維持現行授信額度,按年度例行覆審。 主要驅動因子:負債比率偏高 (95.3%)。",reports/2891_2020_credit_review.md,https://github.com/JoeyTaipei/Credit_review_analytics/blob/main/reports/2891_2020_credit_review.md
2891,中信金,financial_holding,金融控股,financials,金融業,2021,True,180.57,,,72.55,58.04,,8514.09,7941.93,572.16,,,681.13,,,343.29,686.59,68.78,175.3,220.9,2.6,0.794,0.0318285714285713,-0.0142663043478261,-0.1382856485645743,-0.1193613032516647,0.3214265935648225,,,,,,,,0.9327984552665052,金融業(另採模型),,0.1133770901703391,0.0063842694416899,False,False,False,False,False,0,,17.8,low,approve,中信金 綜合風險評級 LOW（評分 18），觸發 0 項異常規則，建議行動：approve。,,,,,,,liabilities_yoy,-0.1382856485645743,-0.3713656688142349,False,下偏,負債年增率,Maintain Credit Line / Annual Review,低 (Low),"財務指標穩健,維持現行授信額度,按年度例行覆審。 主要驅動因子:負債比率偏高 (93.3%)。",reports/2891_2021_credit_review.md,https://github.com/JoeyTaipei/Credit_review_analytics/blob/main/reports/2891_2021_credit_review.md
2891,中信金,financial_holding,金融控股,financials,金融業,2021,True,180.57,,,72.55,58.04,,8514.09,7941.93,572.16,,,681.13,,,343.29,686.59,68.78,175.3,220.9,2.6,0.794,0.0318285714285713,-0.0142663043478261,-0.1382856485645743,-0.1193613032516647,0.3214265935648225,,,,,,,,0.9327984552665052,金融業(另採模型),,0.1133770901703391,0.0063842694416899,False,False,False,False,False,0,,17.8,low,approve,中信金 綜合風險評級 LOW（評分 18），觸發 0 項異常規則，建議行動：approve。,,,,,,,revenue_yoy,0.0318285714285713,-0.1668371379693033,False,下偏,營收年增率,Maintain Credit Line / Annual Review,低 (Low),"財務指標穩健,維持現行授信額度,按年度例行覆審。 主要驅動因子:負債比率偏高 (93.3%)。",reports/2891_2021_credit_review.md,https://github.com/JoeyTaipei/Credit_review_analytics/blob/main/reports/2891_2021_credit_review.md
2891,中信金,financial_holding,金融控股,financials,金融業,2021,True,180.57,,,72.55,58.04,,8514.09,7941.93,572.16,,,681.13,,,343.29,686.59,68.78,175.3,220.9,2.6,0.794,0.0318285714285713,-0.0142663043478261,-0.1382856485645743,-0.1193613032516647,0.3214265935648225,,,,,,,,0.9327984552665052,金融業(另採模型),,0.1133770901703391,0.0063842694416899,False,False,False,False,False,0,,17.8,low,approve,中信金 綜合風險評級 LOW（評分 18），觸發 0 項異常規則，建議行動：approve。,,,,,,,ocf_change,-0.0933298180859477,-0.0866235459670214,False,下偏,營運現金流變動,Maintain Credit Line / Annual Review,低 (Low),"財務指標穩健,維持現行授信額度,按年度例行覆審。 主要驅動因子:負債比率偏高 (93.3%)。",reports/2891_2021_credit_review.md,https://github.com/JoeyTaipei/Credit_review_analytics/blob/main/reports/2891_2021_credit_review.md
2891,中信金,financial_holding,金融控股,financials,金融業,2022,True,184.74,,,61.2,48.96,,7462.74,6960.17,502.57,,,597.02,,,301.54,603.08,54.27,189.8,214.0,2.6,0.887,0.0230935371324141,-0.1564438318401102,-0.1236173071281162,-0.1234859718409114,0.2650211107502436,0.0274517715480093,5.500884777318404,,,,,,0.9326561021823084,金融業(另採模型),,0.0911112558503065,0.0061288753776562,False,False,False,False,False,0,,17.8,low,approve,中信金 綜合風險評級 LOW（評分 18），觸發 0 項異常規則，建議行動：approve。,,,,,,-0.0392465195659172,revenue_yoy,0.0230935371324141,-3.77695969392,True,下偏,營收年增率,Maintain Credit Line / Annual Review,低 (Low),"財務指標穩健,維持現行授信額度,按年度例行覆審。 主要驅動因子:負債比率偏高 (93.3%)。",reports/2891_2022_credit_review.md,https://github.com/JoeyTaipei/Credit_review_analytics/blob/main/reports/2891_2022_credit_review.md
2891,中信金,financial_holding,金融控股,financials,金融業,2022,True,184.74,,,61.2,48.96,,7462.74,6960.17,502.57,,,597.02,,,301.54,603.08,54.27,189.8,214.0,2.6,0.887,0.0230935371324141,-0.1564438318401102,-0.1236173071281162,-0.1234859718409114,0.2650211107502436,0.0274517715480093,5.500884777318404,,,,,,0.9326561021823084,金融業(另採模型),,0.0911112558503065,0.0061288753776562,False,False,False,False,False,0,,17.8,low,approve,中信金 綜合風險評級 LOW（評分 18），觸發 0 項異常規則，建議行動：approve。,,,,,,-0.0392465195659172,ocf_change,-0.2109624890956672,-1.4063678462272988,False,下偏,營運現金流變動,Maintain Credit Line / Annual Review,低 (Low),"財務指標穩健,維持現行授信額度,按年度例行覆審。 主要驅動因子:負債比率偏高 (93.3%)。",reports/2891_2022_credit_review.md,https://github.com/JoeyTaipei/Credit_review_analytics/blob/main/reports/2891_2022_credit_review.md
2891,中信金,financial_holding,金融控股,financials,金融業,2022,True,184.74,,,61.2,48.96,,7462.74,6960.17,502.57,,,597.02,,,301.54,603.08,54.27,189.8,214.0,2.6,0.887,0.0230935371324141,-0.1564438318401102,-0.1236173071281162,-0.1234859718409114,0.2650211107502436,0.0274517715480093,5.500884777318404,,,,,,0.9326561021823084,金融業(另採模型),,0.0911112558503065,0.0061288753776562,False,False,False,False,False,0,,17.8,low,approve,中信金 綜合風險評級 LOW（評分 18），觸發 0 項異常規則，建議行動：approve。,,,,,,-0.0392465195659172,liabilities_yoy,-0.1236173071281162,-0.2926070212405054,False,下偏,負債年增率,Maintain Credit Line / Annual Review,低 (Low),"財務指標穩健,維持現行授信額度,按年度例行覆審。 主要驅動因子:負債比率偏高 (93.3%)。",reports/2891_2022_credit_review.md,https://github.com/JoeyTaipei/Credit_review_analytics/blob/main/reports/2891_2022_credit_review.md
2891,中信金,financial_holding,金融控股,financials,金融業,2023,True,192.16,,,65.14,52.12,,9488.02,9047.01,441.01,,,759.04,,,264.61,529.21,61.07,186.3,220.1,2.0,0.846,0.0401645555916423,0.0645424836601307,0.2998260099968823,0.2713811932598573,0.2712323064113239,0.0315937351399624,4.609381737283213,,,,,,0.953519280102698,金融業(另採模型),,0.1104728798829988,0.0061495767741387,False,False,False,False,False,0,,11.1,low,approve,中信金 綜合風險評級 LOW（評分 11），觸發 0 項異常規則，建議行動：approve。,,,,,,-0.0029042102873403,liabilities_yoy,0.2998260099968823,5.862412153754564,True,上偏,負債年增率,Maintain Credit Line / Annual Review,低 (Low),"財務指標穩健,維持現行授信額度,按年度例行覆審。 主要驅動因子:負債比率偏高 (95.4%)。",reports/2891_2023_credit_review.md,https://github.com/JoeyTaipei/Credit_review_analytics/blob/main/reports/2891_2023_credit_review.md
2891,中信金,financial_holding,金融控股,financials,金融業,2023,True,192.16,,,65.14,52.12,,9488.02,9047.01,441.01,,,759.04,,,264.61,529.21,61.07,186.3,220.1,2.0,0.846,0.0401645555916423,0.0645424836601307,0.2998260099968823,0.2713811932598573,0.2712323064113239,0.0315937351399624,4.609381737283213,,,,,,0.953519280102698,金融業(另採模型),,0.1104728798829988,0.0061495767741387,False,False,False,False,False,0,,11.1,low,approve,中信金 綜合風險評級 LOW（評分 11），觸發 0 項異常規則，建議行動：approve。,,,,,,-0.0029042102873403,ocf_change,0.1252994287820157,5.800149258459993,True,上偏,營運現金流變動,Maintain Credit Line / Annual Review,低 (Low),"財務指標穩健,維持現行授信額度,按年度例行覆審。 主要驅動因子:負債比率偏高 (95.4%)。",reports/2891_2023_credit_review.md,https://github.com/JoeyTaipei/Credit_review_analytics/blob/main/reports/2891_2023_credit_review.md
2891,中信金,financial_holding,金融控股,financials,金融業,2023,True,192.16,,,65.14,52.12,,9488.02,9047.01,441.01,,,759.04,,,264.61,529.21,61.07,186.3,220.1,2.0,0.846,0.0401645555916423,0.0645424836601307,0.2998260099968823,0.2713811932598573,0.2712323064113239,0.0315937351399624,4.609381737283213,,,,,,0.953519280102698,金融業(另採模型),,0.1104728798829988,0.0061495767741387,False,False,False,False,False,0,,11.1,low,approve,中信金 綜合風險評級 LOW（評分 11），觸發 0 項異常規則，建議行動：approve。,,,,,,-0.0029042102873403,revenue_yoy,0.0401645555916423,1.859482885281035,False,上偏,營收年增率,Maintain Credit Line / Annual Review,低 (Low),"財務指標穩健,維持現行授信額度,按年度例行覆審。 主要驅動因子:負債比率偏高 (95.4%)。",reports/2891_2023_credit_review.md,https://github.com/JoeyTaipei/Credit_review_analytics/blob/main/reports/2891_2023_credit_review.md
2891,中信金,financial_holding,金融控股,financials,金融業,2024,True,199.05,,,64.6,51.68,,6708.52,6263.33,445.19,,,536.68,,,267.11,534.22,51.54,183.4,218.4,2.3,0.84,0.0358555370524562,-0.0084420567920183,-0.3076906071729776,-0.2929489881956155,0.259633257975383,0.0380078103537131,1.7116074316267766,,,,,,0.933638119883372,金融業(另採模型),,0.116632814263146,0.0063816098993982,False,False,False,False,False,0,,14.4,low,approve,中信金 綜合風險評級 LOW（評分 14），觸發 0 項異常規則，建議行動：approve。,,,,,,0.0255215584128394,liabilities_yoy,-0.3076906071729776,-1.576755398622106,False,下偏,負債年增率,Maintain Credit Line / Annual Review,低 (Low),"財務指標穩健,維持現行授信額度,按年度例行覆審。 主要驅動因子:負債比率偏高 (93.4%)。",reports/2891_2024_credit_review.md,https://github.com/JoeyTaipei/Credit_review_analytics/blob/main/reports/2891_2024_credit_review.md
2891,中信金,financial_holding,金融控股,financials,金融業,2024,True,199.05,,,64.6,51.68,,6708.52,6263.33,445.19,,,536.68,,,267.11,534.22,51.54,183.4,218.4,2.3,0.84,0.0358555370524562,-0.0084420567920183,-0.3076906071729776,-0.2929489881956155,0.259633257975383,0.0380078103537131,1.7116074316267766,,,,,,0.933638119883372,金融業(另採模型),,0.116632814263146,0.0063816098993982,False,False,False,False,False,0,,14.4,low,approve,中信金 綜合風險評級 LOW（評分 14），觸發 0 項異常規則，建議行動：approve。,,,,,,0.0255215584128394,ocf_change,-0.156050433928279,-0.6917977037282758,False,下偏,營運現金流變動,Maintain Credit Line / Annual Review,低 (Low),"財務指標穩健,維持現行授信額度,按年度例行覆審。 主要驅動因子:負債比率偏高 (93.4%)。",reports/2891_2024_credit_review.md,https://github.com/JoeyTaipei/Credit_review_analytics/blob/main/reports/2891_2024_credit_review.md
2891,中信金,financial_holding,金融控股,financials,金融業,2024,True,199.05,,,64.6,51.68,,6708.52,6263.33,445.19,,,536.68,,,267.11,534.22,51.54,183.4,218.4,2.3,0.84,0.0358555370524562,-0.0084420567920183,-0.3076906071729776,-0.2929489881956155,0.259633257975383,0.0380078103537131,1.7116074316267766,,,,,,0.933638119883372,金融業(另採模型),,0.116632814263146,0.0063816098993982,False,False,False,False,False,0,,14.4,low,approve,中信金 綜合風險評級 LOW（評分 14），觸發 0 項異常規則，建議行動：approve。,,,,,,0.0255215584128394,revenue_yoy,0.0358555370524562,0.5968540308358184,False,上偏,營收年增率,Maintain Credit Line / Annual Review,低 (Low),"財務指標穩健,維持現行授信額度,按年度例行覆審。 主要驅動因子:負債比率偏高 (93.4%)。",reports/2891_2024_credit_review.md,https://github.com/JoeyTaipei/Credit_review_analytics/blob/main/reports/2891_2024_credit_review.md
2912,統一超,retail,零售通路,services,服務業,2020,False,271.0,176.98,94.02,12.58,10.39,0.572,150.28,88.04,62.24,48.75,48.45,19.03,6.46,11.88,40.79,108.6,15.35,25.0,34.3,2.1,0.727,,,,,0.0383394833948339,,,0.8068645170925972,-0.1725767078312736,1.006191950464396,23.6,2.588031439873496,0.5858397657705616,低風險,21.993006993007,0.1669344473007712,0.0691376097950492,False,False,False,False,False,0,0.0,14.2,low,approve,統一超 綜合風險評級 LOW（評分 14），觸發 0 項異常規則，建議行動：approve。,0.7609907120743034,0.3469372693726937,0.046420664206642,8.700738007380073,24.50107356763476,,,,,,,,Maintain Credit Line / Annual Review,低 (Low),"財務指標穩健,維持現行授信額度,按年度例行覆審。 主要驅動因子:Altman Z' = 2.59(灰色地帶)。",reports/2912_2020_credit_review.md,https://github.com/JoeyTaipei/Credit_review_analytics/blob/main/reports/2912_2020_credit_review.md
2912,統一超,retail,零售通路,services,服務業,2021,False,290.05,182.43,107.62,12.33,11.2,0.561,190.61,131.85,58.76,60.2,73.16,32.02,7.02,12.24,41.93,100.63,21.37,23.3,34.9,1.9,0.669,0.0702952029520296,0.0779595765158804,0.4976147205815537,0.6826064109301104,0.0386140320634373,,,0.8467350740885239,-0.2056896129259606,0.8228540185893932,40.1,2.044380051136943,0.6917265620901316,關注,21.978609625668447,0.1851239669421487,0.0657103464460676,False,False,True,False,False,1,0.132,29.3,medium,monitor,統一超 綜合風險評級 MEDIUM（評分 29），觸發 1 項異常規則，建議行動：monitor。,0.6555494805904867,0.371039475952422,0.0425099120841234,8.833994138941561,24.489393191909222,,liabilities_yoy,0.4976147205815537,3.628781597896455,True,上偏,負債年增率,Enhanced Monitoring / Request Updated Financials,中 (Medium),"部分財務指標出現惡化跡象,建議加強追蹤並要求最新財報。 主要驅動因子:Altman Z' = 2.04(灰色地帶)。",reports/2912_2021_credit_review.md,https://github.com/JoeyTaipei/Credit_review_analytics/blob/main/reports/2912_2021_credit_review.md
2912,統一超,retail,零售通路,services,服務業,2021,False,290.05,182.43,107.62,12.33,11.2,0.561,190.61,131.85,58.76,60.2,73.16,32.02,7.02,12.24,41.93,100.63,21.37,23.3,34.9,1.9,0.669,0.0702952029520296,0.0779595765158804,0.4976147205815537,0.6826064109301104,0.0386140320634373,,,0.8467350740885239,-0.2056896129259606,0.8228540185893932,40.1,2.044380051136943,0.6917265620901316,關注,21.978609625668447,0.1851239669421487,0.0657103464460676,False,False,True,False,False,1,0.132,29.3,medium,monitor,統一超 綜合風險評級 MEDIUM（評分 29），觸發 1 項異常規則，建議行動：monitor。,0.6555494805904867,0.371039475952422,0.0425099120841234,8.833994138941561,24.489393191909222,,revenue_yoy,0.0702952029520296,1.4033655548699768,False,上偏,營收年增率,Enhanced Monitoring / Request Updated Financials,中 (Medium),"部分財務指標出現惡化跡象,建議加強追蹤並要求最新財報。 主要驅動因子:Altman Z' = 2.04(灰色地帶)。",reports/2912_2021_credit_review.md,https://github.com/JoeyTaipei/Credit_review_analytics/blob/main/reports/2912_2021_credit_review.md
2912,統一超,retail,零售通路,services,服務業,2021,False,290.05,182.43,107.62,12.33,11.2,0.561,190.61,131.85,58.76,60.2,73.16,32.02,7.02,12.24,41.93,100.63,21.37,23.3,34.9,1.9,0.669,0.0702952029520296,0.0779595765158804,0.4976147205815537,0.6826064109301104,0.0386140320634373,,,0.8467350740885239,-0.2056896129259606,0.8228540185893932,40.1,2.044380051136943,0.6917265620901316,關注,21.978609625668447,0.1851239669421487,0.0657103464460676,False,False,True,False,False,1,0.132,29.3,medium,monitor,統一超 綜合風險評級 MEDIUM（評分 29），觸發 1 項異常規則，建議行動：monitor。,0.6555494805904867,0.371039475952422,0.0425099120841234,8.833994138941561,24.489393191909222,,ocf_change,0.3921824104234528,1.2191312724569536,False,上偏,營運現金流變動,Enhanced Monitoring / Request Updated Financials,中 (Medium),"部分財務指標出現惡化跡象,建議加強追蹤並要求最新財報。 主要驅動因子:Altman Z' = 2.04(灰色地帶)。",reports/2912_2021_credit_review.md,https://github.com/JoeyTaipei/Credit_review_analytics/blob/main/reports/2912_2021_credit_review.md
2912,統一超,retail,零售通路,services,服務業,2022,False,305.4,199.7,105.7,13.13,11.84,0.597,177.98,121.06,56.92,55.48,65.88,32.0,7.18,14.34,37.72,84.85,15.68,25.2,34.9,1.9,0.722,0.0529219100155144,0.0571428571428571,-0.0818354190367841,-0.0006246096189882,0.0387688277668631,0.0615730165055503,0.7266590213665094,0.8731829161822887,-0.1118466352470906,0.8421372191863995,28.1,2.2767887569882896,0.6801887852567705,關注,21.99329983249581,0.2047026279391424,0.0642448248731653,False,False,False,False,False,0,0.0,16.9,low,approve,統一超 綜合風險評級 LOW（評分 17），觸發 0 項異常規則，建議行動：approve。,0.6244687310261081,0.3461034708578913,0.0429927963326784,8.58120497707924,26.209814722083124,0.0377681806383712,ocf_change,-0.2662611137108096,-6.247471047186708,True,下偏,營運現金流變動,Maintain Credit Line / Annual Review,低 (Low),"財務指標穩健,維持現行授信額度,按年度例行覆審。 主要驅動因子:Altman Z' = 2.28(灰色地帶)。",reports/2912_2022_credit_review.md,https://github.com/JoeyTaipei/Credit_review_analytics/blob/main/reports/2912_2022_credit_review.md
2912,統一超,retail,零售通路,services,服務業,2022,False,305.4,199.7,105.7,13.13,11.84,0.597,177.98,121.06,56.92,55.48,65.88,32.0,7.18,14.34,37.72,84.85,15.68,25.2,34.9,1.9,0.722,0.0529219100155144,0.0571428571428571,-0.0818354190367841,-0.0006246096189882,0.0387688277668631,0.0615730165055503,0.7266590213665094,0.8731829161822887,-0.1118466352470906,0.8421372191863995,28.1,2.2767887569882896,0.6801887852567705,關注,21.99329983249581,0.2047026279391424,0.0642448248731653,False,False,False,False,False,0,0.0,16.9,low,approve,統一超 綜合風險評級 LOW（評分 17），觸發 0 項異常規則，建議行動：approve。,0.6244687310261081,0.3461034708578913,0.0429927963326784,8.58120497707924,26.209814722083124,0.0377681806383712,liabilities_yoy,-0.0818354190367841,-1.240844780742952,False,下偏,負債年增率,Maintain Credit Line / Annual Review,低 (Low),"財務指標穩健,維持現行授信額度,按年度例行覆審。 主要驅動因子:Altman Z' = 2.28(灰色地帶)。",reports/2912_2022_credit_review.md,https://github.com/JoeyTaipei/Credit_review_analytics/blob/main/reports/2912_2022_credit_review.md
2912,統一超,retail,零售通路,services,服務業,2022,False,305.4,199.7,105.7,13.13,11.84,0.597,177.98,121.06,56.92,55.48,65.88,32.0,7.18,14.34,37.72,84.85,15.68,25.2,34.9,1.9,0.722,0.0529219100155144,0.0571428571428571,-0.0818354190367841,-0.0006246096189882,0.0387688277668631,0.0615730165055503,0.7266590213665094,0.8731829161822887,-0.1118466352470906,0.8421372191863995,28.1,2.2767887569882896,0.6801887852567705,關注,21.99329983249581,0.2047026279391424,0.0642448248731653,False,False,False,False,False,0,0.0,16.9,low,approve,統一超 綜合風險評級 LOW（評分 17），觸發 0 項異常規則，建議行動：approve。,0.6244687310261081,0.3461034708578913,0.0429927963326784,8.58120497707924,26.209814722083124,0.0377681806383712,revenue_yoy,0.0529219100155144,-0.5603932249238228,False,下偏,營收年增率,Maintain Credit Line / Annual Review,低 (Low),"財務指標穩健,維持現行授信額度,按年度例行覆審。 主要驅動因子:Altman Z' = 2.28(灰色地帶)。",reports/2912_2022_credit_review.md,https://github.com/JoeyTaipei/Credit_review_analytics/blob/main/reports/2912_2022_credit_review.md
2912,統一超,retail,零售通路,services,服務業,2023,False,326.48,209.51,116.97,15.1,11.17,0.686,195.67,111.93,83.74,57.36,63.56,29.69,7.04,14.65,57.96,183.01,20.93,25.3,34.7,1.7,0.729,0.0690242305173545,-0.0565878378378378,-0.0754171485213943,-0.0721874999999999,0.0342134280813526,0.0609425218404615,0.3784617990409785,0.9054462053609046,-0.2114244780469997,0.9024543738200126,22.8,2.447350943230509,0.5720345479634078,低風險,22.01166180758017,0.1588226930186264,0.0597885721932289,False,False,False,False,False,0,0.0,13.7,low,approve,統一超 綜合風險評級 LOW（評分 14），觸發 0 項異常規則，建議行動：approve。,0.67196349905601,0.3582761578044596,0.0462509188924283,7.870619946091644,25.522648083623697,-0.0263012739235222,revenue_yoy,0.0690242305173545,1.1940875908683846,False,上偏,營收年增率,Maintain Credit Line / Annual Review,低 (Low),"財務指標穩健,維持現行授信額度,按年度例行覆審。 主要驅動因子:Altman Z' = 2.45(灰色地帶)。",reports/2912_2023_credit_review.md,https://github.com/JoeyTaipei/Credit_review_analytics/blob/main/reports/2912_2023_credit_review.md
2912,統一超,retail,零售通路,services,服務業,2023,False,326.48,209.51,116.97,15.1,11.17,0.686,195.67,111.93,83.74,57.36,63.56,29.69,7.04,14.65,57.96,183.01,20.93,25.3,34.7,1.7,0.729,0.0690242305173545,-0.0565878378378378,-0.0754171485213943,-0.0721874999999999,0.0342134280813526,0.0609425218404615,0.3784617990409785,0.9054462053609046,-0.2114244780469997,0.9024543738200126,22.8,2.447350943230509,0.5720345479634078,低風險,22.01166180758017,0.1588226930186264,0.0597885721932289,False,False,False,False,False,0,0.0,13.7,low,approve,統一超 綜合風險評級 LOW（評分 14），觸發 0 項異常規則，建議行動：approve。,0.67196349905601,0.3582761578044596,0.0462509188924283,7.870619946091644,25.522648083623697,-0.0263012739235222,liabilities_yoy,-0.0754171485213943,-1.191027460825436,False,下偏,負債年增率,Maintain Credit Line / Annual Review,低 (Low),"財務指標穩健,維持現行授信額度,按年度例行覆審。 主要驅動因子:Altman Z' = 2.45(灰色地帶)。",reports/2912_2023_credit_review.md,https://github.com/JoeyTaipei/Credit_review_analytics/blob/main/reports/2912_2023_credit_review.md
2912,統一超,retail,零售通路,services,服務業,2023,False,326.48,209.51,116.97,15.1,11.17,0.686,195.67,111.93,83.74,57.36,63.56,29.69,7.04,14.65,57.96,183.01,20.93,25.3,34.7,1.7,0.729,0.0690242305173545,-0.0565878378378378,-0.0754171485213943,-0.0721874999999999,0.0342134280813526,0.0609425218404615,0.3784617990409785,0.9054462053609046,-0.2114244780469997,0.9024543738200126,22.8,2.447350943230509,0.5720345479634078,低風險,22.01166180758017,0.1588226930186264,0.0597885721932289,False,False,False,False,False,0,0.0,13.7,low,approve,統一超 綜合風險評級 LOW（評分 14），觸發 0 項異常規則，建議行動：approve。,0.67196349905601,0.3582761578044596,0.0462509188924283,7.870619946091644,25.522648083623697,-0.0263012739235222,ocf_change,0.3348214285714286,0.8526625540579988,False,上偏,營運現金流變動,Maintain Credit Line / Annual Review,低 (Low),"財務指標穩健,維持現行授信額度,按年度例行覆審。 主要驅動因子:Altman Z' = 2.45(灰色地帶)。",reports/2912_2023_credit_review.md,https://github.com/JoeyTaipei/Credit_review_analytics/blob/main/reports/2912_2023_credit_review.md
2912,統一超,retail,零售通路,services,服務業,2024,False,340.08,218.53,121.55,14.99,14.01,0.681,200.64,134.68,65.96,64.49,73.49,32.6,7.18,13.66,47.57,131.16,24.64,25.5,35.6,2.1,0.716,0.0416564567507962,0.2542524619516562,0.2032520325203251,0.0980127989221959,0.0411961891319689,0.0552516250361587,1.4845538050202158,0.921808515357698,-0.0362890043659613,0.877534358416111,29.1,2.298063690576849,0.6712519936204148,關注,22.01174743024963,0.1871743486973948,0.0707022280537962,False,False,False,False,False,0,0.0,17.5,low,approve,統一超 綜合風險評級 LOW（評分 18），觸發 0 項異常規則，建議行動：approve。,0.6916587290787862,0.3574159021406728,0.0440778640319924,7.706127969889438,22.815631721045165,-0.0175282792417476,revenue_yoy,0.0416564567507962,-2.835852188230972,True,下偏,營收年增率,Maintain Credit Line / Annual Review,低 (Low),"財務指標穩健,維持現行授信額度,按年度例行覆審。 主要驅動因子:Altman Z' = 2.30(灰色地帶)。",reports/2912_2024_credit_review.md,https://github.com/JoeyTaipei/Credit_review_analytics/blob/main/reports/2912_2024_credit_review.md
2912,統一超,retail,零售通路,services,服務業,2024,False,340.08,218.53,121.55,14.99,14.01,0.681,200.64,134.68,65.96,64.49,73.49,32.6,7.18,13.66,47.57,131.16,24.64,25.5,35.6,2.1,0.716,0.0416564567507962,0.2542524619516562,0.2032520325203251,0.0980127989221959,0.0411961891319689,0.0552516250361587,1.4845538050202158,0.921808515357698,-0.0362890043659613,0.877534358416111,29.1,2.298063690576849,0.6712519936204148,關注,22.01174743024963,0.1871743486973948,0.0707022280537962,False,False,False,False,False,0,0.0,17.5,low,approve,統一超 綜合風險評級 LOW（評分 18），觸發 0 項異常規則，建議行動：approve。,0.6916587290787862,0.3574159021406728,0.0440778640319924,7.706127969889438,22.815631721045165,-0.0175282792417476,liabilities_yoy,0.2032520325203251,0.3305586068478177,False,上偏,負債年增率,Maintain Credit Line / Annual Review,低 (Low),"財務指標穩健,維持現行授信額度,按年度例行覆審。 主要驅動因子:Altman Z' = 2.30(灰色地帶)。",reports/2912_2024_credit_review.md,https://github.com/JoeyTaipei/Credit_review_analytics/blob/main/reports/2912_2024_credit_review.md
2912,統一超,retail,零售通路,services,服務業,2024,False,340.08,218.53,121.55,14.99,14.01,0.681,200.64,134.68,65.96,64.49,73.49,32.6,7.18,13.66,47.57,131.16,24.64,25.5,35.6,2.1,0.716,0.0416564567507962,0.2542524619516562,0.2032520325203251,0.0980127989221959,0.0411961891319689,0.0552516250361587,1.4845538050202158,0.921808515357698,-0.0362890043659613,0.877534358416111,29.1,2.298063690576849,0.6712519936204148,關注,22.01174743024963,0.1871743486973948,0.0707022280537962,False,False,False,False,False,0,0.0,17.5,low,approve,統一超 綜合風險評級 LOW（評分 18），觸發 0 項異常規則，建議行動：approve。,0.6916587290787862,0.3574159021406728,0.0440778640319924,7.706127969889438,22.815631721045165,-0.0175282792417476,ocf_change,0.1772575250836121,0.0795063470185947,False,上偏,營運現金流變動,Maintain Credit Line / Annual Review,低 (Low),"財務指標穩健,維持現行授信額度,按年度例行覆審。 主要驅動因子:Altman Z' = 2.30(灰色地帶)。",reports/2912_2024_credit_review.md,https://github.com/JoeyTaipei/Credit_review_analytics/blob/main/reports/2912_2024_credit_review.md
9901,合纖工業,traditional_manufacturing,傳統製造,manufacturing,製造業,2020,False,38.0,33.44,4.56,0.97,0.37,0.303,42.53,31.68,10.85,18.05,17.35,2.13,10.3,10.98,6.51,19.28,2.03,12.5,20.6,6.5,0.605,,,,,0.0097368421052631,,,-0.6954123851178029,-0.6878421133053468,1.0403458213256485,76.8,1.247857393889518,0.7448859628497531,高風險,3.201320132013201,0.0341013824884792,0.0086997413590406,False,False,False,False,False,0,0.05,48.1,high,reduce_exposure,合纖工業 綜合風險評級 HIGH（評分 48），觸發 0 項異常規則，建議行動：reduce exposure。,0.407492795389049,0.12,0.0255263157894736,98.9342105263158,119.84748803827752,,,,,,,,Reduce Exposure or Request Additional Collateral,高 (High) — 優先處理,"多項風險旗標觸發,財務狀況明顯惡化,建議縮減授信規模或要求追加擔保品。 主要驅動因子:Altman Z' = 1.25(灰色地帶)、負債比率偏高 (74.5%)。",reports/9901_2020_credit_review.md,https://github.com/JoeyTaipei/Credit_review_analytics/blob/main/reports/9901_2020_credit_review.md
9901,合纖工業,traditional_manufacturing,傳統製造,manufacturing,製造業,2021,False,36.49,31.89,4.6,0.83,0.38,0.26,38.33,24.87,13.46,14.11,12.93,1.92,9.91,9.54,8.99,30.44,1.99,12.7,20.0,6.8,0.637,-0.039736842105263,0.0270270270270269,-0.2149621212121212,-0.0985915492957746,0.0104138120032885,,,-0.7352260580394808,-0.6609297445023452,1.091260634184068,66.9,1.4654112382563085,0.6488390294808245,警示,3.192307692307692,0.0312628547922665,0.0093989611674499,False,False,False,False,False,0,0.05,42.1,medium,monitor,合纖工業 綜合風險評級 MEDIUM（評分 42），觸發 0 項異常規則，建議行動：monitor。,0.3534416086620263,0.1260619347766511,0.0227459577966566,99.12715812551384,109.1909689557855,,revenue_yoy,-0.039736842105263,-11.423184771799892,True,下偏,營收年增率,Enhanced Monitoring / Request Updated Financials,中 (Medium),"部分財務指標出現惡化跡象,建議加強追蹤並要求最新財報。 主要驅動因子:Altman Z' = 1.47(灰色地帶)。",reports/9901_2021_credit_review.md,https://github.com/JoeyTaipei/Credit_review_analytics/blob/main/reports/9901_2021_credit_review.md
9901,合纖工業,traditional_manufacturing,傳統製造,manufacturing,製造業,2021,False,36.49,31.89,4.6,0.83,0.38,0.26,38.33,24.87,13.46,14.11,12.93,1.92,9.91,9.54,8.99,30.44,1.99,12.7,20.0,6.8,0.637,-0.039736842105263,0.0270270270270269,-0.2149621212121212,-0.0985915492957746,0.0104138120032885,,,-0.7352260580394808,-0.6609297445023452,1.091260634184068,66.9,1.4654112382563085,0.6488390294808245,警示,3.192307692307692,0.0312628547922665,0.0093989611674499,False,False,False,False,False,0,0.05,42.1,medium,monitor,合纖工業 綜合風險評級 MEDIUM（評分 42），觸發 0 項異常規則，建議行動：monitor。,0.3534416086620263,0.1260619347766511,0.0227459577966566,99.12715812551384,109.1909689557855,,liabilities_yoy,-0.2149621212121212,-7.883006248127969,True,下偏,負債年增率,Enhanced Monitoring / Request Updated Financials,中 (Medium),"部分財務指標出現惡化跡象,建議加強追蹤並要求最新財報。 主要驅動因子:Altman Z' = 1.47(灰色地帶)。",reports/9901_2021_credit_review.md,https://github.com/JoeyTaipei/Credit_review_analytics/blob/main/reports/9901_2021_credit_review.md
9901,合纖工業,traditional_manufacturing,傳統製造,manufacturing,製造業,2021,False,36.49,31.89,4.6,0.83,0.38,0.26,38.33,24.87,13.46,14.11,12.93,1.92,9.91,9.54,8.99,30.44,1.99,12.7,20.0,6.8,0.637,-0.039736842105263,0.0270270270270269,-0.2149621212121212,-0.0985915492957746,0.0104138120032885,,,-0.7352260580394808,-0.6609297445023452,1.091260634184068,66.9,1.4654112382563085,0.6488390294808245,警示,3.192307692307692,0.0312628547922665,0.0093989611674499,False,False,False,False,False,0,0.05,42.1,medium,monitor,合纖工業 綜合風險評級 MEDIUM（評分 42），觸發 0 項異常規則，建議行動：monitor。,0.3534416086620263,0.1260619347766511,0.0227459577966566,99.12715812551384,109.1909689557855,,ocf_change,-0.0197044334975368,-0.0003402554047435,False,下偏,營運現金流變動,Enhanced Monitoring / Request Updated Financials,中 (Medium),"部分財務指標出現惡化跡象,建議加強追蹤並要求最新財報。 主要驅動因子:Altman Z' = 1.47(灰色地帶)。",reports/9901_2021_credit_review.md,https://github.com/JoeyTaipei/Credit_review_analytics/blob/main/reports/9901_2021_credit_review.md
9901,合纖工業,traditional_manufacturing,傳統製造,manufacturing,製造業,2022,False,35.35,31.13,4.22,0.78,0.36,0.243,35.5,25.11,10.39,16.05,14.23,1.77,10.09,9.16,7.52,17.27,1.84,13.4,20.1,7.1,0.666,-0.0312414360098657,-0.0526315789473684,0.0096501809408926,-0.078125,0.0101838755304101,-0.0354984925388986,0.01,-0.7599026444577844,-0.6387401306300279,1.1278988053408292,57.0,1.4520166314974676,0.7073239436619718,警示,3.2098765432098766,0.030188679245283,0.0097521332791548,False,False,False,True,False,1,0.05,36.2,medium,monitor,合纖工業 綜合風險評級 MEDIUM（評分 36），觸發 1 項異常規則，建議行動：monitor。,0.4841883345045678,0.1193776520509193,0.022065063649222,104.1824611032532,107.40122068743976,-0.0039127032431962,ocf_change,-0.0753768844221105,-5.042911852890045,True,下偏,營運現金流變動,Enhanced Monitoring / Request Updated Financials,中 (Medium),"部分財務指標出現惡化跡象,建議加強追蹤並要求最新財報。 主要驅動因子:Altman Z' = 1.45(灰色地帶)、負債比率偏高 (70.7%)。",reports/9901_2022_credit_review.md,https://github.com/JoeyTaipei/Credit_review_analytics/blob/main/reports/9901_2022_credit_review.md
9901,合纖工業,traditional_manufacturing,傳統製造,manufacturing,製造業,2022,False,35.35,31.13,4.22,0.78,0.36,0.243,35.5,25.11,10.39,16.05,14.23,1.77,10.09,9.16,7.52,17.27,1.84,13.4,20.1,7.1,0.666,-0.0312414360098657,-0.0526315789473684,0.0096501809408926,-0.078125,0.0101838755304101,-0.0354984925388986,0.01,-0.7599026444577844,-0.6387401306300279,1.1278988053408292,57.0,1.4520166314974676,0.7073239436619718,警示,3.2098765432098766,0.030188679245283,0.0097521332791548,False,False,False,True,False,1,0.05,36.2,medium,monitor,合纖工業 綜合風險評級 MEDIUM（評分 36），觸發 1 項異常規則，建議行動：monitor。,0.4841883345045678,0.1193776520509193,0.022065063649222,104.1824611032532,107.40122068743976,-0.0039127032431962,revenue_yoy,-0.0312414360098657,0.4906807611532881,False,上偏,營收年增率,Enhanced Monitoring / Request Updated Financials,中 (Medium),"部分財務指標出現惡化跡象,建議加強追蹤並要求最新財報。 主要驅動因子:Altman Z' = 1.45(灰色地帶)、負債比率偏高 (70.7%)。",reports/9901_2022_credit_review.md,https://github.com/JoeyTaipei/Credit_review_analytics/blob/main/reports/9901_2022_credit_review.md
9901,合纖工業,traditional_manufacturing,傳統製造,manufacturing,製造業,2022,False,35.35,31.13,4.22,0.78,0.36,0.243,35.5,25.11,10.39,16.05,14.23,1.77,10.09,9.16,7.52,17.27,1.84,13.4,20.1,7.1,0.666,-0.0312414360098657,-0.0526315789473684,0.0096501809408926,-0.078125,0.0101838755304101,-0.0354984925388986,0.01,-0.7599026444577844,-0.6387401306300279,1.1278988053408292,57.0,1.4520166314974676,0.7073239436619718,警示,3.2098765432098766,0.030188679245283,0.0097521332791548,False,False,False,True,False,1,0.05,36.2,medium,monitor,合纖工業 綜合風險評級 MEDIUM（評分 36），觸發 1 項異常規則，建議行動：monitor。,0.4841883345045678,0.1193776520509193,0.022065063649222,104.1824611032532,107.40122068743976,-0.0039127032431962,liabilities_yoy,0.0096501809408926,0.3110821000355731,False,上偏,負債年增率,Enhanced Monitoring / Request Updated Financials,中 (Medium),"部分財務指標出現惡化跡象,建議加強追蹤並要求最新財報。 主要驅動因子:Altman Z' = 1.45(灰色地帶)、負債比率偏高 (70.7%)。",reports/9901_2022_credit_review.md,https://github.com/JoeyTaipei/Credit_review_analytics/blob/main/reports/9901_2022_credit_review.md
9901,合纖工業,traditional_manufacturing,傳統製造,manufacturing,製造業,2023,False,34.25,30.26,3.99,0.9,0.33,0.282,38.36,25.94,12.42,14.85,13.5,1.92,9.57,8.93,8.41,22.61,1.84,13.0,19.6,7.5,0.667,-0.0311173974540311,-0.0833333333333332,0.0330545599362803,0.0847457627118644,0.0096350364963503,-0.0311794187170377,0.0251661147842358,-0.8233635067592963,-0.5951181225171414,1.1,56.4,1.375991080322522,0.6762252346193952,警示,3.191489361702128,0.0289346777729066,0.0089358245329,False,False,False,False,False,0,0.05,35.8,medium,monitor,合纖工業 綜合風險評級 MEDIUM（評分 36），觸發 0 項異常規則，建議行動：monitor。,0.4385185185185185,0.1164963503649635,0.0262773722627737,101.98686131386864,107.71480502313284,-0.0023281770193599,ocf_change,0.0,0.6962557596916945,False,上偏,營運現金流變動,Enhanced Monitoring / Request Updated Financials,中 (Medium),"部分財務指標出現惡化跡象,建議加強追蹤並要求最新財報。 主要驅動因子:Altman Z' = 1.38(灰色地帶)。",reports/9901_2023_credit_review.md,https://github.com/JoeyTaipei/Credit_review_analytics/blob/main/reports/9901_2023_credit_review.md
9901,合纖工業,traditional_manufacturing,傳統製造,manufacturing,製造業,2023,False,34.25,30.26,3.99,0.9,0.33,0.282,38.36,25.94,12.42,14.85,13.5,1.92,9.57,8.93,8.41,22.61,1.84,13.0,19.6,7.5,0.667,-0.0311173974540311,-0.0833333333333332,0.0330545599362803,0.0847457627118644,0.0096350364963503,-0.0311794187170377,0.0251661147842358,-0.8233635067592963,-0.5951181225171414,1.1,56.4,1.375991080322522,0.6762252346193952,警示,3.191489361702128,0.0289346777729066,0.0089358245329,False,False,False,False,False,0,0.05,35.8,medium,monitor,合纖工業 綜合風險評級 MEDIUM（評分 36），觸發 0 項異常規則，建議行動：monitor。,0.4385185185185185,0.1164963503649635,0.0262773722627737,101.98686131386864,107.71480502313284,-0.0023281770193599,liabilities_yoy,0.0330545599362803,0.5624129938481305,False,上偏,負債年增率,Enhanced Monitoring / Request Updated Financials,中 (Medium),"部分財務指標出現惡化跡象,建議加強追蹤並要求最新財報。 主要驅動因子:Altman Z' = 1.38(灰色地帶)。",reports/9901_2023_credit_review.md,https://github.com/JoeyTaipei/Credit_review_analytics/blob/main/reports/9901_2023_credit_review.md
9901,合纖工業,traditional_manufacturing,傳統製造,manufacturing,製造業,2023,False,34.25,30.26,3.99,0.9,0.33,0.282,38.36,25.94,12.42,14.85,13.5,1.92,9.57,8.93,8.41,22.61,1.84,13.0,19.6,7.5,0.667,-0.0311173974540311,-0.0833333333333332,0.0330545599362803,0.0847457627118644,0.0096350364963503,-0.0311794187170377,0.0251661147842358,-0.8233635067592963,-0.5951181225171414,1.1,56.4,1.375991080322522,0.6762252346193952,警示,3.191489361702128,0.0289346777729066,0.0089358245329,False,False,False,False,False,0,0.05,35.8,medium,monitor,合纖工業 綜合風險評級 MEDIUM（評分 36），觸發 0 項異常規則，建議行動：monitor。,0.4385185185185185,0.1164963503649635,0.0262773722627737,101.98686131386864,107.71480502313284,-0.0023281770193599,revenue_yoy,-0.0311173974540311,0.5299483889505683,False,上偏,營收年增率,Enhanced Monitoring / Request Updated Financials,中 (Medium),"部分財務指標出現惡化跡象,建議加強追蹤並要求最新財報。 主要驅動因子:Altman Z' = 1.38(灰色地帶)。",reports/9901_2023_credit_review.md,https://github.com/JoeyTaipei/Credit_review_analytics/blob/main/reports/9901_2023_credit_review.md
9901,合纖工業,traditional_manufacturing,傳統製造,manufacturing,製造業,2024,False,33.24,29.53,3.72,0.79,0.33,0.246,37.65,28.22,9.43,15.86,15.46,1.88,10.48,8.96,6.5,18.57,1.87,13.9,20.0,7.7,0.696,-0.0294890510948904,0.0,0.0878951426368541,-0.0208333333333333,0.009927797833935,-0.0303035660710407,0.0173205080756887,-0.8470932631841572,-0.5934434032077325,1.0258732212160413,61.8,1.2404893697122683,0.749535192563081,警示,3.2113821138211383,0.0302059496567505,0.0086830680173661,False,False,False,True,False,1,0.05,39.1,medium,monitor,合纖工業 綜合風險評級 MEDIUM（評分 39），觸發 1 項異常規則，建議行動：monitor。,0.446313065976714,0.111913357400722,0.0237665463297232,115.07821901323706,110.74839146630543,1.727041146755426e-05,ocf_change,0.0163043478260869,1.5037510575697122,False,上偏,營運現金流變動,Enhanced Monitoring / Request Updated Financials,中 (Medium),"部分財務指標出現惡化跡象,建議加強追蹤並要求最新財報。 主要驅動因子:Altman Z' = 1.24(灰色地帶)、負債比率偏高 (75.0%)。",reports/9901_2024_credit_review.md,https://github.com/JoeyTaipei/Credit_review_analytics/blob/main/reports/9901_2024_credit_review.md
9901,合纖工業,traditional_manufacturing,傳統製造,manufacturing,製造業,2024,False,33.24,29.53,3.72,0.79,0.33,0.246,37.65,28.22,9.43,15.86,15.46,1.88,10.48,8.96,6.5,18.57,1.87,13.9,20.0,7.7,0.696,-0.0294890510948904,0.0,0.0878951426368541,-0.0208333333333333,0.009927797833935,-0.0303035660710407,0.0173205080756887,-0.8470932631841572,-0.5934434032077325,1.0258732212160413,61.8,1.2404893697122683,0.749535192563081,警示,3.2113821138211383,0.0302059496567505,0.0086830680173661,False,False,False,True,False,1,0.05,39.1,medium,monitor,合纖工業 綜合風險評級 MEDIUM（評分 39），觸發 1 項異常規則，建議行動：monitor。,0.446313065976714,0.111913357400722,0.0237665463297232,115.07821901323706,110.74839146630543,1.727041146755426e-05,liabilities_yoy,0.0878951426368541,1.299668386574986,False,上偏,負債年增率,Enhanced Monitoring / Request Updated Financials,中 (Medium),"部分財務指標出現惡化跡象,建議加強追蹤並要求最新財報。 主要驅動因子:Altman Z' = 1.24(灰色地帶)、負債比率偏高 (75.0%)。",reports/9901_2024_credit_review.md,https://github.com/JoeyTaipei/Credit_review_analytics/blob/main/reports/9901_2024_credit_review.md
9901,合纖工業,traditional_manufacturing,傳統製造,manufacturing,製造業,2024,False,33.24,29.53,3.72,0.79,0.33,0.246,37.65,28.22,9.43,15.86,15.46,1.88,10.48,8.96,6.5,18.57,1.87,13.9,20.0,7.7,0.696,-0.0294890510948904,0.0,0.0878951426368541,-0.0208333333333333,0.009927797833935,-0.0303035660710407,0.0173205080756887,-0.8470932631841572,-0.5934434032077325,1.0258732212160413,61.8,1.2404893697122683,0.749535192563081,警示,3.2113821138211383,0.0302059496567505,0.0086830680173661,False,False,False,True,False,1,0.05,39.1,medium,monitor,合纖工業 綜合風險評級 MEDIUM（評分 39），觸發 1 項異常規則，建議行動：monitor。,0.446313065976714,0.111913357400722,0.0237665463297232,115.07821901323706,110.74839146630543,1.727041146755426e-05,revenue_yoy,-0.0294890510948904,1.126046787594102,False,上偏,營收年增率,Enhanced Monitoring / Request Updated Financials,中 (Medium),"部分財務指標出現惡化跡象,建議加強追蹤並要求最新財報。 主要驅動因子:Altman Z' = 1.24(灰色地帶)、負債比率偏高 (75.0%)。",reports/9901_2024_credit_review.md,https://github.com/JoeyTaipei/Credit_review_analytics/blob/main/reports/9901_2024_credit_review.md
9902,展騰餐飲,food_service,連鎖餐飲,services,服務業,2020,False,22.0,18.2,3.8,0.11,-0.24,0.087,35.87,27.23,8.64,8.62,13.35,3.39,1.24,1.53,5.93,17.01,1.22,6.6,12.0,8.5,0.544,,,,,-0.0109090909090909,,,-1.1187833879175308,-0.9024800516959044,0.645692883895131,91.2,0.8003701620318445,0.7591301923613047,高風險,1.264367816091954,-0.0277777777777777,-0.0066908279899637,False,True,False,False,False,1,0.172,61.6,high,reduce_exposure,展騰餐飲 綜合風險評級 HIGH（評分 62），觸發 1 項異常規則，建議行動：reduce exposure。,0.5310861423220973,0.1727272727272727,0.005,20.57272727272728,30.68406593406593,,,,,,,,Reduce Exposure or Request Additional Collateral,高 (High) — 優先處理,"多項風險旗標觸發,財務狀況明顯惡化,建議縮減授信規模或要求追加擔保品。 主要驅動因子:Altman Z' = 0.80(低於危險門檻 1.23)、負債比率偏高 (75.9%)、利息保障倍數不足 (1.26x)。",reports/9902_2020_credit_review.md,https://github.com/JoeyTaipei/Credit_review_analytics/blob/main/reports/9902_2020_credit_review.md
9902,展騰餐飲,food_service,連鎖餐飲,services,服務業,2021,False,20.11,16.5,3.61,0.11,-0.25,0.082,33.42,29.54,3.88,10.39,16.62,5.3,0.95,1.23,2.67,8.64,1.07,6.8,12.6,8.7,0.538,-0.0859090909090909,0.0416666666666667,0.0848329048843188,0.5634218289085544,-0.0124316260566882,,,-1.1032791384537592,-0.8811617165594925,0.6251504211793021,97.2,0.5999333812655814,0.883901855176541,高風險,1.3414634146341462,-0.0399361022364217,-0.0072160484918458,False,True,False,False,False,1,0.169,65.1,high,reduce_exposure,展騰餐飲 綜合風險評級 HIGH（評分 65），觸發 1 項異常規則，建議行動：reduce exposure。,0.5511432009626955,0.1795126802585778,0.0054699154649428,17.242665340626555,27.209090909090907,,revenue_yoy,-0.0859090909090909,409.7125389856541,True,上偏,營收年增率,Reduce Exposure or Request Additional Collateral,高 (High) — 優先處理,"多項風險旗標觸發,財務狀況明顯惡化,建議縮減授信規模或要求追加擔保品。 主要驅動因子:Altman Z' = 0.60(低於危險門檻 1.23)、負債比率偏高 (88.4%)、利息保障倍數不足 (1.34x)、營收年增率下滑 (-8.6%)。",reports/9902_2021_credit_review.md,https://github.com/JoeyTaipei/Credit_review_analytics/blob/main/reports/9902_2021_credit_review.md
9902,展騰餐飲,food_service,連鎖餐飲,services,服務業,2021,False,20.11,16.5,3.61,0.11,-0.25,0.082,33.42,29.54,3.88,10.39,16.62,5.3,0.95,1.23,2.67,8.64,1.07,6.8,12.6,8.7,0.538,-0.0859090909090909,0.0416666666666667,0.0848329048843188,0.5634218289085544,-0.0124316260566882,,,-1.1032791384537592,-0.8811617165594925,0.6251504211793021,97.2,0.5999333812655814,0.883901855176541,高風險,1.3414634146341462,-0.0399361022364217,-0.0072160484918458,False,True,False,False,False,1,0.169,65.1,high,reduce_exposure,展騰餐飲 綜合風險評級 HIGH（評分 65），觸發 1 項異常規則，建議行動：reduce exposure。,0.5511432009626955,0.1795126802585778,0.0054699154649428,17.242665340626555,27.209090909090907,,liabilities_yoy,0.0848329048843188,3.1365292529356963,True,上偏,負債年增率,Reduce Exposure or Request Additional Collateral,高 (High) — 優先處理,"多項風險旗標觸發,財務狀況明顯惡化,建議縮減授信規模或要求追加擔保品。 主要驅動因子:Altman Z' = 0.60(低於危險門檻 1.23)、負債比率偏高 (88.4%)、利息保障倍數不足 (1.34x)、營收年增率下滑 (-8.6%)。",reports/9902_2021_credit_review.md,https://github.com/JoeyTaipei/Credit_review_analytics/blob/main/reports/9902_2021_credit_review.md
9902,展騰餐飲,food_service,連鎖餐飲,services,服務業,2021,False,20.11,16.5,3.61,0.11,-0.25,0.082,33.42,29.54,3.88,10.39,16.62,5.3,0.95,1.23,2.67,8.64,1.07,6.8,12.6,8.7,0.538,-0.0859090909090909,0.0416666666666667,0.0848329048843188,0.5634218289085544,-0.0124316260566882,,,-1.1032791384537592,-0.8811617165594925,0.6251504211793021,97.2,0.5999333812655814,0.883901855176541,高風險,1.3414634146341462,-0.0399361022364217,-0.0072160484918458,False,True,False,False,False,1,0.169,65.1,high,reduce_exposure,展騰餐飲 綜合風險評級 HIGH（評分 65），觸發 1 項異常規則，建議行動：reduce exposure。,0.5511432009626955,0.1795126802585778,0.0054699154649428,17.242665340626555,27.209090909090907,,ocf_change,-0.122950819672131,0.1358524995937624,False,上偏,營運現金流變動,Reduce Exposure or Request Additional Collateral,高 (High) — 優先處理,"多項風險旗標觸發,財務狀況明顯惡化,建議縮減授信規模或要求追加擔保品。 主要驅動因子:Altman Z' = 0.60(低於危險門檻 1.23)、負債比率偏高 (88.4%)、利息保障倍數不足 (1.34x)、營收年增率下滑 (-8.6%)。",reports/9902_2021_credit_review.md,https://github.com/JoeyTaipei/Credit_review_analytics/blob/main/reports/9902_2021_credit_review.md
9902,展騰餐飲,food_service,連鎖餐飲,services,服務業,2022,False,17.09,14.23,2.87,0.09,-0.22,0.07,27.33,22.99,4.34,7.8,12.35,3.37,1.04,1.09,2.87,7.64,0.89,7.4,11.4,9.1,0.647,-0.1501740427647936,-0.12,-0.2217332430602573,-0.3641509433962263,-0.0128730251609128,-0.1186271039916295,0.0152752523165194,-1.0909336439278408,-0.9393745009402896,0.631578947368421,79.3,0.6831648022406535,0.8412001463593121,高風險,1.2857142857142856,-0.0535279805352798,-0.0072427983539094,True,True,False,False,False,2,0.32,60.4,high,reduce_exposure,展騰餐飲 綜合風險評級 HIGH（評分 60），觸發 2 項異常規則，建議行動：reduce exposure。,0.5433198380566802,0.1679344645991808,0.0052662375658279,22.211819777647747,27.95853829936753,-0.025750202757502,liabilities_yoy,-0.2217332430602573,-2.5417663503411587,True,下偏,負債年增率,Reduce Exposure or Request Additional Collateral,高 (High) — 優先處理,"多項風險旗標觸發,財務狀況明顯惡化,建議縮減授信規模或要求追加擔保品。 主要驅動因子:Altman Z' = 0.68(低於危險門檻 1.23)、負債比率偏高 (84.1%)、利息保障倍數不足 (1.29x)、營收年增率下滑 (-15.0%)。",reports/9902_2022_credit_review.md,https://github.com/JoeyTaipei/Credit_review_analytics/blob/main/reports/9902_2022_credit_review.md
9902,展騰餐飲,food_service,連鎖餐飲,services,服務業,2022,False,17.09,14.23,2.87,0.09,-0.22,0.07,27.33,22.99,4.34,7.8,12.35,3.37,1.04,1.09,2.87,7.64,0.89,7.4,11.4,9.1,0.647,-0.1501740427647936,-0.12,-0.2217332430602573,-0.3641509433962263,-0.0128730251609128,-0.1186271039916295,0.0152752523165194,-1.0909336439278408,-0.9393745009402896,0.631578947368421,79.3,0.6831648022406535,0.8412001463593121,高風險,1.2857142857142856,-0.0535279805352798,-0.0072427983539094,True,True,False,False,False,2,0.32,60.4,high,reduce_exposure,展騰餐飲 綜合風險評級 HIGH（評分 60），觸發 2 項異常規則，建議行動：reduce exposure。,0.5433198380566802,0.1679344645991808,0.0052662375658279,22.211819777647747,27.95853829936753,-0.025750202757502,ocf_change,-0.1682242990654205,-1.1271288701839814,False,下偏,營運現金流變動,Reduce Exposure or Request Additional Collateral,高 (High) — 優先處理,"多項風險旗標觸發,財務狀況明顯惡化,建議縮減授信規模或要求追加擔保品。 主要驅動因子:Altman Z' = 0.68(低於危險門檻 1.23)、負債比率偏高 (84.1%)、利息保障倍數不足 (1.29x)、營收年增率下滑 (-15.0%)。",reports/9902_2022_credit_review.md,https://github.com/JoeyTaipei/Credit_review_analytics/blob/main/reports/9902_2022_credit_review.md
9902,展騰餐飲,food_service,連鎖餐飲,services,服務業,2022,False,17.09,14.23,2.87,0.09,-0.22,0.07,27.33,22.99,4.34,7.8,12.35,3.37,1.04,1.09,2.87,7.64,0.89,7.4,11.4,9.1,0.647,-0.1501740427647936,-0.12,-0.2217332430602573,-0.3641509433962263,-0.0128730251609128,-0.1186271039916295,0.0152752523165194,-1.0909336439278408,-0.9393745009402896,0.631578947368421,79.3,0.6831648022406535,0.8412001463593121,高風險,1.2857142857142856,-0.0535279805352798,-0.0072427983539094,True,True,False,False,False,2,0.32,60.4,high,reduce_exposure,展騰餐飲 綜合風險評級 HIGH（評分 60），觸發 2 項異常規則，建議行動：reduce exposure。,0.5433198380566802,0.1679344645991808,0.0052662375658279,22.211819777647747,27.95853829936753,-0.025750202757502,revenue_yoy,-0.1501740427647936,-0.7156948073886945,False,下偏,營收年增率,Reduce Exposure or Request Additional Collateral,高 (High) — 優先處理,"多項風險旗標觸發,財務狀況明顯惡化,建議縮減授信規模或要求追加擔保品。 主要驅動因子:Altman Z' = 0.68(低於危險門檻 1.23)、負債比率偏高 (84.1%)、利息保障倍數不足 (1.29x)、營收年增率下滑 (-15.0%)。",reports/9902_2022_credit_review.md,https://github.com/JoeyTaipei/Credit_review_analytics/blob/main/reports/9902_2022_credit_review.md
9902,展騰餐飲,food_service,連鎖餐飲,services,服務業,2023,False,14.53,11.96,2.57,0.07,-0.18,0.054,23.6,21.34,2.26,7.52,11.43,3.41,0.77,0.97,1.57,4.46,0.74,7.6,12.1,9.6,0.631,-0.1497952018724401,-0.1818181818181818,-0.0717703349282296,0.0118694362017803,-0.0123881624225739,-0.1499846434241796,0.0351188458428424,-1.0733078083396828,-0.8773822465484188,0.657917760279965,79.3,0.6056980703858434,0.9042372881355932,高風險,1.2962962962962965,-0.0545454545454545,-0.0070685254270567,True,True,False,False,False,2,0.318,60.3,high,reduce_exposure,展騰餐飲 綜合風險評級 HIGH（評分 60），觸發 2 項異常規則，建議行動：reduce exposure。,0.5730533683289589,0.1768754301445285,0.0048176187198898,19.342739160357883,29.602842809364542,-0.0146093523090328,ocf_change,-0.1685393258426966,-1.1389338232516757,False,下偏,營運現金流變動,Reduce Exposure or Request Additional Collateral,高 (High) — 優先處理,"多項風險旗標觸發,財務狀況明顯惡化,建議縮減授信規模或要求追加擔保品。 主要驅動因子:Altman Z' = 0.61(低於危險門檻 1.23)、負債比率偏高 (90.4%)、利息保障倍數不足 (1.30x)、營收年增率下滑 (-15.0%)。",reports/9902_2023_credit_review.md,https://github.com/JoeyTaipei/Credit_review_analytics/blob/main/reports/9902_2023_credit_review.md
9902,展騰餐飲,food_service,連鎖餐飲,services,服務業,2023,False,14.53,11.96,2.57,0.07,-0.18,0.054,23.6,21.34,2.26,7.52,11.43,3.41,0.77,0.97,1.57,4.46,0.74,7.6,12.1,9.6,0.631,-0.1497952018724401,-0.1818181818181818,-0.0717703349282296,0.0118694362017803,-0.0123881624225739,-0.1499846434241796,0.0351188458428424,-1.0733078083396828,-0.8773822465484188,0.657917760279965,79.3,0.6056980703858434,0.9042372881355932,高風險,1.2962962962962965,-0.0545454545454545,-0.0070685254270567,True,True,False,False,False,2,0.318,60.3,high,reduce_exposure,展騰餐飲 綜合風險評級 HIGH（評分 60），觸發 2 項異常規則，建議行動：reduce exposure。,0.5730533683289589,0.1768754301445285,0.0048176187198898,19.342739160357883,29.602842809364542,-0.0146093523090328,revenue_yoy,-0.1497952018724401,-0.6968938422372747,False,下偏,營收年增率,Reduce Exposure or Request Additional Collateral,高 (High) — 優先處理,"多項風險旗標觸發,財務狀況明顯惡化,建議縮減授信規模或要求追加擔保品。 主要驅動因子:Altman Z' = 0.61(低於危險門檻 1.23)、負債比率偏高 (90.4%)、利息保障倍數不足 (1.30x)、營收年增率下滑 (-15.0%)。",reports/9902_2023_credit_review.md,https://github.com/JoeyTaipei/Credit_review_analytics/blob/main/reports/9902_2023_credit_review.md
9902,展騰餐飲,food_service,連鎖餐飲,services,服務業,2023,False,14.53,11.96,2.57,0.07,-0.18,0.054,23.6,21.34,2.26,7.52,11.43,3.41,0.77,0.97,1.57,4.46,0.74,7.6,12.1,9.6,0.631,-0.1497952018724401,-0.1818181818181818,-0.0717703349282296,0.0118694362017803,-0.0123881624225739,-0.1499846434241796,0.0351188458428424,-1.0733078083396828,-0.8773822465484188,0.657917760279965,79.3,0.6056980703858434,0.9042372881355932,高風險,1.2962962962962965,-0.0545454545454545,-0.0070685254270567,True,True,False,False,False,2,0.318,60.3,high,reduce_exposure,展騰餐飲 綜合風險評級 HIGH（評分 60），觸發 2 項異常規則，建議行動：reduce exposure。,0.5730533683289589,0.1768754301445285,0.0048176187198898,19.342739160357883,29.602842809364542,-0.0146093523090328,liabilities_yoy,-0.0717703349282296,0.0220034036513232,False,上偏,負債年增率,Reduce Exposure or Request Additional Collateral,高 (High) — 優先處理,"多項風險旗標觸發,財務狀況明顯惡化,建議縮減授信規模或要求追加擔保品。 主要驅動因子:Altman Z' = 0.61(低於危險門檻 1.23)、負債比率偏高 (90.4%)、利息保障倍數不足 (1.30x)、營收年增率下滑 (-15.0%)。",reports/9902_2023_credit_review.md,https://github.com/JoeyTaipei/Credit_review_analytics/blob/main/reports/9902_2023_credit_review.md
9902,展騰餐飲,food_service,連鎖餐飲,services,服務業,2024,False,12.35,10.12,2.23,0.07,-0.14,0.05,20.67,19.49,1.18,7.01,11.42,2.81,0.77,0.82,0.84,2.36,0.7,7.7,12.4,9.9,0.62,-0.1500344115622849,-0.2222222222222221,-0.0866916588566073,-0.1759530791788857,-0.0113360323886639,-0.1499148151314127,0.0399999999999999,-1.0631515455602705,-0.9813615413813368,0.6138353765323993,81.7,0.5136867702614045,0.9429124334784712,高風險,1.4,-0.0813953488372093,-0.0063248249378811,True,True,False,False,False,2,0.317,61.7,high,reduce_exposure,展騰餐飲 綜合風險評級 HIGH（評分 62），觸發 2 項異常規則，建議行動：reduce exposure。,0.542031523642732,0.1805668016194332,0.0056680161943319,22.757085020242915,29.57509881422925,-0.0278673683019295,ocf_change,-0.054054054054054,4.631143413621727,True,上偏,營運現金流變動,Reduce Exposure or Request Additional Collateral,高 (High) — 優先處理,"多項風險旗標觸發,財務狀況明顯惡化,建議縮減授信規模或要求追加擔保品。 主要驅動因子:Altman Z' = 0.51(低於危險門檻 1.23)、負債比率偏高 (94.3%)、利息保障倍數不足 (1.40x)、營收年增率下滑 (-15.0%)。",reports/9902_2024_credit_review.md,https://github.com/JoeyTaipei/Credit_review_analytics/blob/main/reports/9902_2024_credit_review.md
9902,展騰餐飲,food_service,連鎖餐飲,services,服務業,2024,False,12.35,10.12,2.23,0.07,-0.14,0.05,20.67,19.49,1.18,7.01,11.42,2.81,0.77,0.82,0.84,2.36,0.7,7.7,12.4,9.9,0.62,-0.1500344115622849,-0.2222222222222221,-0.0866916588566073,-0.1759530791788857,-0.0113360323886639,-0.1499148151314127,0.0399999999999999,-1.0631515455602705,-0.9813615413813368,0.6138353765323993,81.7,0.5136867702614045,0.9429124334784712,高風險,1.4,-0.0813953488372093,-0.0063248249378811,True,True,False,False,False,2,0.317,61.7,high,reduce_exposure,展騰餐飲 綜合風險評級 HIGH（評分 62），觸發 2 項異常規則，建議行動：reduce exposure。,0.542031523642732,0.1805668016194332,0.0056680161943319,22.757085020242915,29.57509881422925,-0.0278673683019295,revenue_yoy,-0.1500344115622849,-0.7087458410107916,False,下偏,營收年增率,Reduce Exposure or Request Additional Collateral,高 (High) — 優先處理,"多項風險旗標觸發,財務狀況明顯惡化,建議縮減授信規模或要求追加擔保品。 主要驅動因子:Altman Z' = 0.51(低於危險門檻 1.23)、負債比率偏高 (94.3%)、利息保障倍數不足 (1.40x)、營收年增率下滑 (-15.0%)。",reports/9902_2024_credit_review.md,https://github.com/JoeyTaipei/Credit_review_analytics/blob/main/reports/9902_2024_credit_review.md
9902,展騰餐飲,food_service,連鎖餐飲,services,服務業,2024,False,12.35,10.12,2.23,0.07,-0.14,0.05,20.67,19.49,1.18,7.01,11.42,2.81,0.77,0.82,0.84,2.36,0.7,7.7,12.4,9.9,0.62,-0.1500344115622849,-0.2222222222222221,-0.0866916588566073,-0.1759530791788857,-0.0113360323886639,-0.1499148151314127,0.0399999999999999,-1.0631515455602705,-0.9813615413813368,0.6138353765323993,81.7,0.5136867702614045,0.9429124334784712,高風險,1.4,-0.0813953488372093,-0.0063248249378811,True,True,False,False,False,2,0.317,61.7,high,reduce_exposure,展騰餐飲 綜合風險評級 HIGH（評分 62），觸發 2 項異常規則，建議行動：reduce exposure。,0.542031523642732,0.1805668016194332,0.0056680161943319,22.757085020242915,29.57509881422925,-0.0278673683019295,liabilities_yoy,-0.0866916588566073,-0.1368975561308178,False,下偏,負債年增率,Reduce Exposure or Request Additional Collateral,高 (High) — 優先處理,"多項風險旗標觸發,財務狀況明顯惡化,建議縮減授信規模或要求追加擔保品。 主要驅動因子:Altman Z' = 0.51(低於危險門檻 1.23)、負債比率偏高 (94.3%)、利息保障倍數不足 (1.40x)、營收年增率下滑 (-15.0%)。",reports/9902_2024_credit_review.md,https://github.com/JoeyTaipei/Credit_review_analytics/blob/main/reports/9902_2024_credit_review.md
